Fetch Date,Country List
2023-06-28 11:31:43,"TCD, EGY, ETH, SSD, SDN, CAF, CIV, BEN, BFA, GHA, TGO"
2023-06-28 11:32:01,"TCD, EGY, ETH, SSD, SDN, CAF, CIV, BEN, BFA, GHA, TGO"
2023-06-28 10:19:17,"TCD, EGY, ETH, SSD, SDN, CAF, CIV, BEN, BFA, GHA, TGO"
2023-06-28 10:31:40,"TCD, EGY, ETH, SSD, SDN, CAF, CIV, BEN, BFA, GHA, TGO"
2023-06-28 11:09:49,"TCD, EGY, ETH, SSD, SDN, CAF, CIV, BEN, BFA, GHA, TGO"
2023-06-28 17:10:33,"TCD, EGY, ETH, SSD, SDN, CAF, CIV, BEN, BFA, GHA, TGO"
2023-06-28 23:11:54,"TCD, EGY, ETH, SSD, SDN, CAF, CIV, BEN, BFA, GHA, TGO"
2023-06-29 05:11:38,"TCD, EGY, ETH, SSD, SDN, CAF, CIV, BEN, BFA, GHA, TGO"
2023-06-29 11:09:35,"TCD, EGY, ETH, SSD, SDN, CAF, CIV, BEN, BFA, GHA, TGO"
2023-06-29 17:10:05,"TCD, EGY, ETH, SSD, SDN, CAF, CIV, BEN, BFA, GHA, TGO"
2023-06-29 23:11:41,"TCD, EGY, ETH, SSD, SDN, CAF, CIV, BEN, BFA, GHA, TGO"
2023-06-30 05:11:06,"TCD, EGY, ETH, SSD, SDN, CAF, CIV, BEN, BFA, GHA, TGO"
2023-06-30 11:09:14,"TCD, EGY, ETH, SSD, SDN, CAF, CIV, BEN, BFA, GHA, TGO"
2023-06-30 17:10:21,"TCD, EGY, ETH, SSD, SDN, CAF, CIV, BEN, BFA, GHA, TGO"
2023-06-30 23:10:44,"EGY, ETH, SSD, SDN, CAF, TCD, CIV, BEN, BFA, GHA, TGO"
2023-07-01 05:10:36,"TCD, EGY, ETH, SSD, SDN, CAF, CIV, BEN, BFA, GHA, TGO"
2023-07-01 11:09:06,"TCD, EGY, ETH, SSD, SDN, CAF, CIV, BEN, BFA, GHA, TGO"
2023-07-01 17:09:51,"TCD, EGY, ETH, SSD, SDN, CAF, CIV, BEN, BFA, GHA, TGO"
2023-07-01 23:10:52,"TCD, EGY, ETH, SSD, SDN, CAF, CIV, BEN, BFA, GHA, TGO"
2023-07-02 05:10:49,"TCD, EGY, ETH, SSD, SDN, CAF, CIV, BEN, BFA, GHA, TGO"
2023-07-02 07:43:59,"TCD, EGY, ETH, SSD, SDN, CAF, CIV, BEN, BFA, GHA, TGO"
2023-07-02 11:09:12,"TCD, EGY, ETH, SSD, SDN, CAF, CIV, BEN, BFA, GHA, TGO"
2023-07-02 15:12:04,"TCD, EGY, ETH, SSD, SDN, CAF, CIV, BEN, BFA, GHA, TGO"
2023-07-02 17:09:32,"TCD, EGY, ETH, SSD, SDN, CAF, CIV, BEN, BFA, GHA, TGO"
2023-07-02 23:11:05,"TCD, EGY, ETH, SSD, SDN, CAF, CIV, BEN, BFA, GHA, TGO"
2023-07-03 05:11:51,"TCD, EGY, ETH, SSD, SDN, CAF, CIV, BEN, BFA, GHA, TGO"
2023-07-03 11:09:42,"TCD, EGY, ETH, SSD, SDN, CAF, CIV, BEN, BFA, GHA, TGO"
2023-07-03 17:09:58,"TCD, EGY, ETH, SSD, SDN, CAF, CIV, BEN, BFA, GHA, TGO"
2023-07-03 21:15:06,"TCD, EGY, ETH, SSD, SDN, CAF, CIV, BEN, BFA, GHA, TGO"
2023-07-03 23:12:27,"TCD, EGY, ETH, SSD, SDN, CAF, CIV, BEN, BFA, GHA, TGO"
2023-07-04 05:11:27,"TCD, EGY, ETH, SSD, SDN, CAF, CIV, BEN, BFA, GHA, TGO"
2023-07-04 11:10:09,"TCD, EGY, ETH, SSD, SDN, CAF, CIV, BEN, BFA, GHA, TGO"
2023-07-04 17:10:47,"TCD, EGY, ETH, SSD, SDN, CAF, CIV, BEN, BFA, GHA, TGO"
2023-07-04 23:12:19,"TCD, EGY, ETH, SSD, SDN, CAF, CIV, BEN, BFA, GHA, TGO"
2023-07-05 05:12:15,"TCD, EGY, ETH, SSD, SDN, CAF, CIV, BEN, BFA, GHA, TGO"
2023-07-05 11:10:59,"TCD, EGY, ETH, SSD, SDN, CAF, CIV, BEN, BFA, GHA, TGO"
2023-07-05 17:10:57,"TCD, EGY, ETH, SSD, SDN, CAF, CIV, BEN, BFA, GHA, TGO"
2023-07-05 23:12:16,"TCD, EGY, ETH, SSD, SDN, CAF, CIV, BEN, BFA, GHA, TGO"
2023-07-06 05:12:14,"TCD, EGY, ETH, SSD, SDN, CAF, CIV, BEN, BFA, GHA, TGO"
2023-07-06 11:10:40,"TCD, EGY, ETH, SSD, SDN, CAF, CIV, BEN, BFA, GHA, TGO"
2023-07-06 17:10:58,"TCD, EGY, ETH, SSD, SDN, CAF, CIV, BEN, BFA, GHA, TGO"
2023-07-06 23:12:07,"TCD, EGY, ETH, SSD, SDN, CAF, CIV, BEN, BFA, GHA, TGO"
2023-07-07 05:11:31,"TCD, EGY, ETH, SSD, SDN, CAF, CIV, BEN, BFA, GHA, TGO"
2023-07-07 11:09:36,"TCD, EGY, ETH, SSD, SDN, CAF, CIV, BEN, BFA, GHA, TGO"
2023-07-07 17:10:23,"TCD, EGY, ETH, SSD, SDN, CAF, CIV, BEN, BFA, GHA, TGO"
2023-07-07 23:11:23,"EGY, ETH, SSD, SDN, CAF, TCD, CIV, BEN, BFA, GHA, TGO"
2023-07-08 05:10:32,"EGY, ETH, SSD, SDN, CAF, TCD, CIV, BEN, BFA, GHA, TGO"
2023-07-08 11:09:00,"EGY, ETH, SSD, SDN, CAF, TCD, CIV, BEN, BFA, GHA, TGO"
2023-07-08 17:09:25,"EGY, ETH, SSD, SDN, CAF, TCD, CIV, BEN, BFA, GHA, TGO"
2023-07-08 23:10:54,"EGY, ETH, SSD, SDN, CAF, TCD, CIV, BEN, BFA, GHA, TGO"
2023-07-09 05:10:45,"EGY, ETH, SSD, SDN, CAF, TCD, CIV, BEN, BFA, GHA, TGO"
2023-07-09 11:09:05,"EGY, ETH, SSD, SDN, CAF, TCD, CIV, BEN, BFA, GHA, TGO"
2023-07-09 17:09:37,"EGY, ETH, SSD, SDN, CAF, TCD, CIV, BEN, BFA, GHA, TGO"
2023-07-09 23:11:04,"EGY, ETH, SSD, SDN, CAF, TCD, CIV, BEN, BFA, GHA, TGO"
2023-07-10 05:11:31,"EGY, ETH, SSD, SDN, CAF, TCD, CIV, BEN, BFA, GHA, TGO"
2023-07-10 11:09:48,"EGY, ETH, SSD, SDN, CAF, TCD, CIV, BEN, BFA, GHA, TGO"
2023-07-10 17:10:44,"EGY, ETH, SSD, SDN, CAF, TCD, CIV, BEN, BFA, GHA, TGO"
2023-07-10 23:11:42,"EGY, ETH, SSD, SDN, CAF, TCD, CIV, BEN, BFA, GHA, TGO"
2023-07-11 05:11:09,"EGY, ETH, SSD, SDN, CAF, TCD, CIV, BEN, BFA, GHA, TGO"
2023-07-11 11:09:40,"EGY, ETH, SSD, SDN, CAF, TCD, CIV, BEN, BFA, GHA, TGO"
2023-07-11 17:10:21,"EGY, ETH, SSD, SDN, CAF, TCD, CIV, BEN, BFA, GHA, TGO"
2023-07-11 23:11:26,"EGY, ETH, SSD, SDN, CAF, TCD, CIV, BEN, BFA, GHA, TGO"
2023-07-12 05:11:11,"EGY, ETH, SSD, SDN, CAF, TCD, CIV, BEN, BFA, GHA, TGO"
2023-07-12 11:09:25,"EGY, ETH, SSD, SDN, CAF, TCD, CIV, BEN, BFA, GHA, TGO"
2023-07-12 17:10:32,"EGY, ETH, SSD, SDN, CAF, TCD, CIV, BEN, BFA, GHA, TGO"
2023-07-12 23:11:20,"EGY, ETH, SSD, SDN, CAF, TCD, CIV, BEN, BFA, GHA, TGO"
2023-07-13 05:11:36,"EGY, ETH, SSD, SDN, CAF, TCD, CIV, BEN, BFA, GHA, TGO"
2023-07-13 11:09:57,"EGY, ETH, SSD, SDN, CAF, TCD, CIV, BEN, BFA, GHA, TGO"
2023-07-13 17:10:15,"EGY, ETH, SSD, SDN, CAF, TCD, CIV, BEN, BFA, GHA, TGO"
2023-07-13 23:11:43,"EGY, ETH, SSD, SDN, CAF, TCD, CIV, BEN, BFA, GHA, TGO"
2023-07-14 05:11:16,"EGY, ETH, SSD, SDN, CAF, TCD, CIV, BEN, BFA, GHA, TGO"
2023-07-14 11:09:16,"EGY, ETH, SSD, SDN, CAF, TCD, CIV, BEN, BFA, GHA, TGO"
2023-07-14 17:09:33,"EGY, ETH, SSD, SDN, CAF, TCD, CIV, BEN, BFA, GHA, TGO"
2023-07-14 23:11:10,"EGY, ETH, SSD, SDN, CAF, TCD, CIV, BEN, BFA, GHA, TGO"
2023-07-15 05:11:12,"EGY, ETH, SSD, SDN, CAF, TCD, CIV, BEN, BFA, GHA, TGO"
2023-07-15 11:08:46,"EGY, ETH, SSD, SDN, CAF, TCD, CIV, BEN, BFA, GHA, TGO"
2023-07-15 17:09:28,"EGY, ETH, SSD, SDN, CAF, TCD, CIV, BEN, BFA, GHA, TGO"
2023-07-15 23:10:32,"EGY, ETH, SSD, SDN, CAF, TCD, CIV, BEN, BFA, GHA, TGO"
2023-07-16 05:10:55,"EGY, ETH, SSD, SDN, CAF, TCD, CIV, BEN, BFA, GHA, TGO"
2023-07-16 11:08:47,"EGY, ETH, SSD, SDN, CAF, TCD, CIV, BEN, BFA, GHA, TGO"
2023-07-16 17:09:45,"EGY, ETH, SSD, SDN, CAF, TCD, CIV, BEN, BFA, GHA, TGO"
2023-07-16 23:10:54,"TCD, EGY, ETH, SSD, SDN, CAF, CIV, BEN, BFA, GHA, TGO"
2023-07-17 05:11:46,"TCD, EGY, ETH, SSD, SDN, CAF, CIV, BEN, BFA, GHA, TGO"
2023-07-17 11:09:49,"TCD, EGY, ETH, SSD, SDN, CAF, CIV, BEN, BFA, GHA, TGO"
2023-07-17 17:10:22,"EGY, ETH, SSD, SDN, CAF, TCD, CIV, BEN, BFA, GHA, TGO"
2023-07-17 23:11:08,"EGY, ETH, SSD, SDN, CAF, TCD, CIV, BEN, BFA, GHA, TGO"
2023-07-18 05:10:51,"EGY, ETH, SSD, SDN, CAF, TCD, CIV, BEN, BFA, GHA, TGO"
2023-07-18 11:09:12,"EGY, ETH, SSD, SDN, CAF, TCD, CIV, BEN, BFA, GHA, TGO"
2023-07-18 17:09:47,"EGY, ETH, SSD, SDN, CAF, TCD, CIV, BEN, BFA, GHA, TGO"
2023-07-18 23:09:59,"EGY, ETH, SSD, SDN, CAF, TCD, CIV, BEN, BFA, GHA, TGO"
2023-07-19 05:10:16,"EGY, ETH, SSD, SDN, CAF, TCD, CIV, BEN, BFA, GHA, TGO"
2023-07-19 11:08:39,"EGY, ETH, SSD, SDN, CAF, TCD, CIV, BEN, BFA, GHA, TGO"
2023-07-19 17:09:26,"EGY, ETH, SSD, SDN, CAF, TCD, CIV, BEN, BFA, GHA, TGO"
2023-07-19 23:10:10,"EGY, ETH, SSD, SDN, CAF, TCD, CIV, BEN, BFA, GHA, TGO"
2023-07-20 05:10:14,"EGY, ETH, SSD, SDN, CAF, TCD, CIV, BEN, BFA, GHA, TGO"
2023-07-20 11:08:53,"EGY, ETH, SSD, SDN, CAF, TCD, CIV, BEN, BFA, GHA, TGO"
2023-07-20 17:09:17,"EGY, ETH, SSD, SDN, CAF, TCD, CIV, BEN, BFA, GHA, TGO"
2023-07-20 23:10:09,"EGY, ETH, SSD, SDN, CAF, TCD, CIV, BEN, BFA, GHA, TGO"
2023-07-21 05:10:05,"EGY, ETH, SSD, SDN, CAF, TCD, CIV, BEN, BFA, GHA, TGO"
2023-07-21 11:08:34,"EGY, ETH, SSD, SDN, CAF, TCD, CIV, BEN, BFA, GHA, TGO"
2023-07-21 17:09:26,"EGY, ETH, SSD, SDN, CAF, TCD, CIV, BEN, BFA, GHA, TGO"
2023-07-21 23:09:46,"EGY, ETH, SSD, SDN, CAF, TCD, CIV, BEN, BFA, GHA, TGO"
2023-07-22 05:09:26,"EGY, ETH, SSD, SDN, CAF, TCD, CIV, BEN, BFA, GHA, TGO"
2023-07-22 11:08:33,"EGY, ETH, SSD, SDN, CAF, TCD, CIV, BEN, BFA, GHA, TGO"
2023-07-22 17:08:30,"EGY, ETH, SSD, SDN, CAF, TCD, CIV, BEN, BFA, GHA, TGO"
2023-07-22 23:09:39,"EGY, ETH, SSD, SDN, CAF, TCD, CIV, BEN, BFA, GHA, TGO"
2023-07-23 05:09:54,"EGY, ETH, SSD, SDN, CAF, TCD, CIV, BEN, BFA, GHA, TGO"
2023-07-23 11:08:04,"EGY, ETH, SSD, SDN, CAF, TCD, CIV, BEN, BFA, GHA, TGO"
2023-07-23 17:08:38,"EGY, ETH, SSD, SDN, CAF, TCD, CIV, BEN, BFA, GHA, TGO"
2023-07-23 23:10:01,"EGY, ETH, SSD, SDN, CAF, TCD, CIV, BEN, BFA, GHA, TGO"
2023-07-24 05:10:14,"EGY, ETH, SSD, SDN, CAF, TCD, CIV, BEN, BFA, GHA, TGO"
2023-07-24 11:08:37,"EGY, ETH, SSD, SDN, CAF, TCD, CIV, BEN, BFA, GHA, TGO"
2023-07-24 17:09:46,"EGY, ETH, SSD, SDN, CAF, TCD, CIV, BEN, BFA, GHA, TGO"
2023-07-24 23:10:09,"EGY, ETH, SSD, SDN, CAF, TCD, CIV, BEN, BFA, GHA, TGO"
2023-07-25 05:10:01,"EGY, ETH, SSD, SDN, CAF, TCD, CIV, BEN, BFA, GHA, TGO"
2023-07-25 11:08:49,"EGY, ETH, SSD, SDN, CAF, TCD, CIV, BEN, BFA, GHA, TGO"
2023-07-25 17:09:27,"EGY, ETH, SSD, SDN, CAF, TCD, CIV, BEN, BFA, GHA, TGO"
2023-07-25 23:07:57,"EGY, ETH, SSD, SDN, CAF, TCD, CIV, BEN, BFA, GHA, TGO"
2023-07-26 05:09:32,"EGY, ETH, SSD, SDN, CAF, TCD, CIV, BEN, BFA, GHA, TGO"
2023-07-26 11:08:14,"EGY, ETH, SSD, SDN, CAF, TCD, CIV, BEN, BFA, GHA, TGO"
2023-07-26 17:08:57,"EGY, ETH, SSD, SDN, CAF, TCD, CIV, BEN, BFA, GHA, TGO"
2023-07-26 23:09:51,"EGY, ETH, SSD, SDN, CAF, TCD, CIV, BEN, BFA, GHA, TGO"
2023-07-27 05:09:42,"EGY, ETH, SSD, SDN, CAF, TCD, CIV, BEN, BFA, GHA, TGO"
2023-07-27 11:08:25,"EGY, ETH, SSD, SDN, CAF, TCD, CIV, BEN, BFA, GHA, TGO"
2023-07-27 17:08:58,"EGY, ETH, SSD, SDN, CAF, TCD, CIV, BEN, BFA, GHA, TGO"
2023-07-27 23:10:04,"TCD, EGY, ETH, SSD, SDN, CAF, CIV, BEN, BFA, GHA, TGO"
2023-07-28 05:09:52,"TCD, EGY, ETH, SSD, SDN, CAF, CIV, BEN, BFA, GHA, TGO"
2023-07-28 11:08:22,"TCD, EGY, ETH, SSD, SDN, CAF, CIV, BEN, BFA, GHA, TGO"
2023-07-28 17:08:31,"EGY, ETH, SSD, SDN, CAF, TCD, CIV, BEN, BFA, GHA, TGO"
2023-07-28 23:09:54,"EGY, ETH, SSD, SDN, CAF, TCD, CIV, BEN, BFA, GHA, TGO"
2023-07-29 05:08:57,"EGY, ETH, SSD, SDN, CAF, TCD, CIV, BEN, BFA, GHA, TGO"
2023-07-29 11:07:32,"EGY, ETH, SSD, SDN, CAF, TCD, CIV, BEN, BFA, GHA, TGO"
2023-07-29 17:08:11,"EGY, ETH, SSD, SDN, CAF, TCD, CIV, BEN, BFA, GHA, TGO"
2023-07-29 23:09:13,"EGY, ETH, SSD, SDN, CAF, TCD, CIV, BEN, BFA, GHA, TGO"
2023-07-30 05:08:57,"EGY, ETH, SSD, SDN, CAF, TCD, CIV, BEN, BFA, GHA, TGO"
2023-07-30 11:07:51,"EGY, ETH, SSD, SDN, CAF, TCD, CIV, BEN, BFA, GHA, TGO"
2023-07-30 17:08:18,"EGY, ETH, SSD, SDN, CAF, TCD, CIV, BEN, BFA, GHA, TGO"
2023-07-30 23:09:33,"EGY, ETH, SSD, SDN, CAF, TCD, CIV, BEN, BFA, GHA, TGO"
2023-07-31 05:10:12,"EGY, ETH, SSD, SDN, CAF, TCD, CIV, BEN, BFA, GHA, TGO"
2023-07-31 11:08:54,"EGY, ETH, SSD, SDN, CAF, TCD, CIV, BEN, BFA, GHA, TGO"
2023-07-31 17:09:30,"EGY, ETH, SSD, SDN, CAF, TCD, CIV, BEN, BFA, GHA, TGO"
2023-07-31 23:11:04,"EGY, ETH, SSD, SDN, CAF, TCD, CIV, BEN, BFA, GHA, TGO"
2023-08-01 05:09:52,"EGY, ETH, SSD, SDN, CAF, TCD, CIV, BEN, BFA, GHA, TGO"
2023-08-01 11:08:25,"EGY, ETH, SSD, SDN, CAF, TCD, CIV, BEN, BFA, GHA, TGO"
2023-08-01 17:09:08,"CIV, EGY, ETH, SSD, SDN, CAF, BEN, TCD, BFA, GHA, TGO"
2023-08-01 23:10:14,"CIV, EGY, ETH, SSD, SDN, CAF, BEN, TCD, BFA, GHA, TGO"
2023-08-02 05:09:45,"CIV, EGY, ETH, SSD, SDN, CAF, BEN, TCD, BFA, GHA, TGO"
2023-08-02 11:08:23,"CIV, EGY, ETH, SSD, SDN, CAF, BEN, TCD, BFA, GHA, TGO"
2023-08-02 17:08:54,"EGY, ETH, SSD, SDN, CAF, CIV, TCD, BEN, BFA, GHA, TGO"
2023-08-02 23:09:21,"EGY, ETH, SSD, SDN, CAF, CIV, TCD, BEN, BFA, GHA, TGO"
2023-08-03 05:09:26,"EGY, ETH, SSD, SDN, CAF, CIV, TCD, BEN, BFA, GHA, TGO"
2023-08-03 11:08:28,"EGY, ETH, SSD, SDN, CAF, CIV, TCD, BEN, BFA, GHA, TGO"
2023-08-03 17:09:02,"EGY, ETH, SSD, SDN, CAF, CIV, TCD, BEN, BFA, GHA, TGO"
2023-08-03 23:09:43,"EGY, ETH, SSD, SDN, CAF, CIV, TCD, BEN, BFA, GHA, TGO"
2023-08-04 05:09:37,"EGY, ETH, SSD, SDN, CAF, CIV, TCD, BEN, BFA, GHA, TGO"
2023-08-04 11:08:09,"EGY, ETH, SSD, SDN, CAF, CIV, TCD, BEN, BFA, GHA, TGO"
2023-08-04 17:08:57,"EGY, ETH, SSD, SDN, CAF, TCD, CIV, BEN, BFA, GHA, TGO"
2023-08-04 23:09:15,"EGY, ETH, SSD, SDN, CAF, TCD, CIV, BEN, BFA, GHA, TGO"
2023-08-05 05:08:54,"EGY, ETH, SSD, SDN, CAF, TCD, CIV, BEN, BFA, GHA, TGO"
2023-08-05 11:07:35,"EGY, ETH, SSD, SDN, CAF, TCD, CIV, BEN, BFA, GHA, TGO"
2023-08-05 17:08:15,"EGY, ETH, SSD, SDN, CAF, TCD, CIV, BEN, BFA, GHA, TGO"
2023-08-05 23:09:29,"EGY, ETH, SSD, SDN, CAF, TCD, CIV, BEN, BFA, GHA, TGO"
2023-08-06 05:08:57,"EGY, ETH, SSD, SDN, CAF, TCD, CIV, BEN, BFA, GHA, TGO"
2023-08-06 11:08:27,"EGY, ETH, SSD, SDN, CAF, TCD, CIV, BEN, BFA, GHA, TGO"
2023-08-06 17:08:11,"EGY, ETH, SSD, SDN, CAF, TCD, CIV, BEN, BFA, GHA, TGO"
2023-08-06 23:09:19,"EGY, ETH, SSD, SDN, CAF, TCD, CIV, BEN, BFA, GHA, TGO"
2023-08-07 05:09:57,"EGY, ETH, SSD, SDN, CAF, TCD, CIV, BEN, BFA, GHA, TGO"
2023-08-07 11:08:26,"EGY, ETH, SSD, SDN, CAF, TCD, CIV, BEN, BFA, GHA, TGO"
2023-08-07 17:08:47,"EGY, ETH, SSD, SDN, CAF, TCD, CIV, BEN, BFA, GHA, TGO"
2023-08-07 23:09:31,"EGY, ETH, SSD, SDN, CAF, TCD, CIV, BEN, BFA, GHA, TGO"
2023-08-08 05:09:39,"EGY, ETH, SSD, SDN, CAF, TCD, CIV, BEN, BFA, GHA, TGO"
2023-08-08 11:08:30,"EGY, ETH, SSD, SDN, CAF, TCD, CIV, BEN, BFA, GHA, TGO"
2023-08-08 17:09:46,"EGY, ETH, SSD, SDN, CAF, TCD, CIV, BEN, BFA, GHA, TGO"
2023-08-08 23:10:03,"EGY, ETH, SSD, SDN, CAF, TCD, CIV, BEN, BFA, GHA, TGO"
2023-08-09 05:09:42,"EGY, ETH, SSD, SDN, CAF, TCD, CIV, BEN, BFA, GHA, TGO"
2023-08-09 11:08:58,"EGY, ETH, SSD, SDN, CAF, TCD, CIV, BEN, BFA, GHA, TGO"
2023-08-09 17:09:27,"ETH, EGY, SSD, SDN, CAF, TCD, CIV, BEN, BFA, GHA, TGO"
2023-08-09 23:09:37,"ETH, EGY, SSD, SDN, CAF, TCD, CIV, BEN, BFA, GHA, TGO"
2023-08-10 05:09:53,"ETH, EGY, SSD, SDN, CAF, TCD, CIV, BEN, BFA, GHA, TGO"
2023-08-10 11:09:04,"ETH, EGY, SSD, SDN, CAF, TCD, CIV, BEN, BFA, GHA, TGO"
2023-08-10 17:08:57,"ETH, EGY, SSD, SDN, CAF, TCD, CIV, BEN, BFA, GHA, TGO"
2023-08-10 23:09:56,"ETH, EGY, SSD, SDN, CAF, TCD, CIV, BEN, BFA, GHA, TGO"
2023-08-11 05:09:29,"ETH, EGY, SSD, SDN, CAF, TCD, CIV, BEN, BFA, GHA, TGO"
2023-08-11 11:08:20,"ETH, EGY, SSD, SDN, CAF, TCD, CIV, BEN, BFA, GHA, TGO"
2023-08-11 17:08:48,"EGY, ETH, SSD, SDN, CAF, TCD, CIV, BEN, BFA, GHA, TGO"
2023-08-11 23:09:23,"EGY, ETH, SSD, SDN, CAF, TCD, CIV, BEN, BFA, GHA, TGO"
2023-08-12 05:08:59,"EGY, ETH, SSD, SDN, CAF, TCD, CIV, BEN, BFA, GHA, TGO"
2023-08-12 11:07:35,"EGY, ETH, SSD, SDN, CAF, TCD, CIV, BEN, BFA, GHA, TGO"
2023-08-12 17:08:01,"EGY, ETH, SSD, SDN, CAF, TCD, CIV, BEN, BFA, GHA, TGO"
2023-08-12 23:09:25,"TCD, EGY, ETH, SSD, SDN, CAF, CIV, BEN, BFA, GHA, TGO"
2023-08-13 05:09:05,"TCD, EGY, ETH, SSD, SDN, CAF, CIV, BEN, BFA, GHA, TGO"
2023-08-13 11:07:39,"TCD, EGY, ETH, SSD, SDN, CAF, CIV, BEN, BFA, GHA, TGO"
2023-08-13 17:08:26,"TCD, EGY, ETH, SSD, SDN, CAF, CIV, BEN, BFA, GHA, TGO"
2023-08-13 23:09:25,"TCD, EGY, ETH, SSD, SDN, CAF, CIV, BEN, BFA, GHA, TGO"
2023-08-14 05:09:49,"TCD, EGY, ETH, SSD, SDN, CAF, CIV, BEN, BFA, GHA, TGO"
2023-08-14 11:08:32,"TCD, EGY, ETH, SSD, SDN, CAF, CIV, BEN, BFA, GHA, TGO"
2023-08-14 17:08:53,"TCD, EGY, ETH, SSD, SDN, CAF, CIV, BEN, BFA, GHA, TGO"
2023-08-14 23:09:30,"TCD, EGY, ETH, SSD, SDN, CAF, CIV, BEN, BFA, GHA, TGO"
2023-08-15 05:09:21,"TCD, EGY, ETH, SSD, SDN, CAF, CIV, BEN, BFA, GHA, TGO"
2023-08-15 11:08:11,"TCD, EGY, ETH, SSD, SDN, CAF, CIV, BEN, BFA, GHA, TGO"
2023-08-15 17:08:52,"TCD, EGY, ETH, SSD, SDN, CAF, CIV, BEN, BFA, GHA, TGO"
2023-08-15 23:09:25,"TCD, EGY, ETH, SSD, SDN, CAF, CIV, BEN, BFA, GHA, TGO"
2023-08-16 05:09:55,"TCD, EGY, ETH, SSD, SDN, CAF, CIV, BEN, BFA, GHA, TGO"
2023-08-16 11:08:42,"TCD, EGY, ETH, SSD, SDN, CAF, CIV, BEN, BFA, GHA, TGO"
2023-08-16 17:08:47,"TCD, EGY, ETH, SSD, SDN, CAF, CIV, BEN, BFA, GHA, TGO"
2023-08-16 23:09:51,"TCD, EGY, ETH, SSD, SDN, CAF, CIV, BEN, BFA, GHA, TGO"
2023-08-17 05:09:25,"TCD, EGY, ETH, SSD, SDN, CAF, CIV, BEN, BFA, GHA, TGO"
2023-08-17 11:08:28,"TCD, EGY, ETH, SSD, SDN, CAF, CIV, BEN, BFA, GHA, TGO"
2023-08-17 17:08:44,"TCD, EGY, ETH, SSD, SDN, CAF, CIV, BEN, BFA, GHA, TGO"
2023-08-17 23:09:53,"TCD, EGY, ETH, SSD, SDN, CAF, CIV, BEN, BFA, GHA, TGO"
2023-08-18 05:09:29,"TCD, EGY, ETH, SSD, SDN, CAF, CIV, BEN, BFA, GHA, TGO"
2023-08-18 11:08:19,"TCD, EGY, ETH, SSD, SDN, CAF, CIV, BEN, BFA, GHA, TGO"
2023-08-18 17:08:38,"TCD, EGY, ETH, SSD, SDN, CAF, CIV, BEN, BFA, GHA, TGO"
2023-08-18 23:09:18,"TCD, EGY, ETH, SSD, SDN, CAF, CIV, BEN, BFA, GHA, TGO"
2023-08-19 05:08:58,"TCD, EGY, ETH, SSD, SDN, CAF, CIV, BEN, BFA, GHA, TGO"
2023-08-19 11:07:29,"TCD, EGY, ETH, SSD, SDN, CAF, CIV, BEN, BFA, GHA, TGO"
2023-08-19 17:08:11,"EGY, ETH, SSD, SDN, CAF, TCD, CIV, BEN, BFA, GHA, TGO"
2023-08-19 23:09:10,"EGY, ETH, SSD, SDN, CAF, TCD, CIV, BEN, BFA, GHA, TGO"
2023-08-20 05:08:55,"EGY, ETH, SSD, SDN, CAF, TCD, CIV, BEN, BFA, GHA, TGO"
2023-08-20 11:07:18,"EGY, ETH, SSD, SDN, CAF, TCD, CIV, BEN, BFA, GHA, TGO"
2023-08-20 17:08:02,"TCD, EGY, ETH, SSD, SDN, CAF, CIV, BEN, BFA, GHA, TGO"
2023-08-20 23:09:07,"TCD, EGY, ETH, SSD, SDN, CAF, CIV, BEN, BFA, GHA, TGO"
2023-08-21 05:09:48,"TCD, EGY, ETH, SSD, SDN, CAF, CIV, BEN, BFA, GHA, TGO"
2023-08-21 11:08:40,"TCD, EGY, ETH, SSD, SDN, CAF, CIV, BEN, BFA, GHA, TGO"
2023-08-21 17:09:07,"TCD, EGY, ETH, SSD, SDN, CAF, CIV, BEN, BFA, GHA, TGO"
2023-08-21 23:09:28,"TCD, EGY, ETH, SSD, SDN, CAF, CIV, BEN, BFA, GHA, TGO"
2023-08-22 05:09:29,"TCD, EGY, ETH, SSD, SDN, CAF, CIV, BEN, BFA, GHA, TGO"
2023-08-22 11:08:31,"TCD, EGY, ETH, SSD, SDN, CAF, CIV, BEN, BFA, GHA, TGO"
2023-08-22 17:09:21,"TCD, EGY, ETH, SSD, SDN, CAF, CIV, BEN, BFA, GHA, TGO"
2023-08-22 23:09:35,"TCD, EGY, ETH, SSD, SDN, CAF, CIV, BEN, BFA, GHA, TGO"
2023-08-23 05:09:20,"TCD, EGY, ETH, SSD, SDN, CAF, CIV, BEN, BFA, GHA, TGO"
2023-08-23 11:08:29,"TCD, EGY, ETH, SSD, SDN, CAF, CIV, BEN, BFA, GHA, TGO"
2023-08-23 17:08:25,"TCD, EGY, ETH, SSD, SDN, CAF, CIV, BEN, BFA, GHA, TGO"
2023-08-23 23:09:40,"TCD, EGY, ETH, SSD, SDN, CAF, CIV, BEN, BFA, GHA, TGO"
2023-08-24 05:09:26,"TCD, EGY, ETH, SSD, SDN, CAF, CIV, BEN, BFA, GHA, TGO"
2023-08-24 11:08:36,"TCD, EGY, ETH, SSD, SDN, CAF, CIV, BEN, BFA, GHA, TGO"
2023-08-24 17:09:12,"TCD, EGY, ETH, SSD, SDN, CAF, CIV, BEN, BFA, GHA, TGO"
2023-08-24 23:09:58,"TCD, EGY, ETH, SSD, SDN, CAF, CIV, BEN, BFA, GHA, TGO"
2023-08-25 05:09:27,"TCD, EGY, ETH, SSD, SDN, CAF, CIV, BEN, BFA, GHA, TGO"
2023-08-25 11:08:27,"TCD, EGY, ETH, SSD, SDN, CAF, CIV, BEN, BFA, GHA, TGO"
2023-08-25 17:09:02,"TCD, EGY, ETH, SSD, SDN, CAF, CIV, BEN, BFA, GHA, TGO"
2023-08-25 23:10:29,"TCD, EGY, ETH, SSD, SDN, CAF, CIV, BEN, BFA, GHA, TGO"
2023-08-26 05:09:12,"TCD, EGY, ETH, SSD, SDN, CAF, CIV, BEN, BFA, GHA, TGO"
2023-08-26 11:07:40,"TCD, EGY, ETH, SSD, SDN, CAF, CIV, BEN, BFA, GHA, TGO"
2023-08-26 17:08:08,"TCD, EGY, ETH, SSD, SDN, CAF, CIV, BEN, BFA, GHA, TGO"
2023-08-26 23:09:42,"TCD, EGY, ETH, SSD, SDN, CAF, CIV, BEN, BFA, GHA, TGO"
2023-08-27 05:09:02,"TCD, EGY, ETH, SSD, SDN, CAF, CIV, BEN, BFA, GHA, TGO"
2023-08-27 11:07:34,"TCD, EGY, ETH, SSD, SDN, CAF, CIV, BEN, BFA, GHA, TGO"
2023-08-27 17:08:31,"EGY, ETH, SSD, SDN, CAF, TCD, CIV, BEN, BFA, GHA, TGO"
2023-08-27 23:09:17,"EGY, ETH, SSD, SDN, CAF, TCD, CIV, BEN, BFA, GHA, TGO"
2023-08-28 05:10:07,"TCD, EGY, ETH, SSD, SDN, CAF, CIV, BEN, BFA, GHA, TGO"
2023-08-28 11:08:32,"TCD, EGY, ETH, SSD, SDN, CAF, CIV, BEN, BFA, GHA, TGO"
2023-08-28 17:09:18,"TCD, EGY, ETH, SSD, SDN, CAF, CIV, BEN, BFA, GHA, TGO"
2023-08-28 23:10:14,"TCD, EGY, ETH, SSD, SDN, CAF, CIV, BEN, BFA, GHA, TGO"
2023-08-29 05:10:06,"TCD, EGY, ETH, SSD, SDN, CAF, CIV, BEN, BFA, GHA, TGO"
2023-08-29 11:08:33,"TCD, EGY, ETH, SSD, SDN, CAF, CIV, BEN, BFA, GHA, TGO"
2023-08-29 17:09:25,"TCD, EGY, ETH, SSD, SDN, CAF, CIV, BEN, BFA, GHA, TGO"
2023-08-29 23:08:45,"TCD, EGY, ETH, SSD, SDN, CAF, CIV, BEN, BFA, GHA, TGO"
2023-08-30 05:09:52,"TCD, EGY, ETH, SSD, SDN, CAF, CIV, BEN, BFA, GHA, TGO"
2023-08-30 11:08:45,"TCD, EGY, ETH, SSD, SDN, CAF, CIV, BEN, BFA, GHA, TGO"
2023-08-30 17:09:00,"TCD, EGY, ETH, SSD, SDN, CAF, CIV, BEN, BFA, GHA, TGO"
2023-08-30 23:10:08,"TCD, EGY, ETH, SSD, SDN, CAF, CIV, BEN, BFA, GHA, TGO"
2023-08-31 05:09:56,"TCD, EGY, ETH, SSD, SDN, CAF, CIV, BEN, BFA, GHA, TGO"
2023-08-31 11:08:32,"TCD, EGY, ETH, SSD, SDN, CAF, CIV, BEN, BFA, GHA, TGO"
2023-08-31 17:09:20,"TCD, EGY, ETH, SSD, SDN, CAF, CIV, BEN, BFA, GHA, TGO"
2023-08-31 23:10:17,"TCD, EGY, ETH, SSD, SDN, CAF, CIV, BEN, BFA, GHA, TGO"
2023-09-01 05:09:55,"TCD, EGY, ETH, SSD, SDN, CAF, CIV, BEN, BFA, GHA, TGO"
2023-09-01 11:08:38,"TCD, EGY, ETH, SSD, SDN, CAF, CIV, BEN, BFA, GHA, TGO"
2023-09-01 17:09:27,"TCD, EGY, ETH, SSD, SDN, CAF, CIV, BEN, BFA, GHA, TGO"
2023-09-01 23:09:40,"EGY, ETH, SSD, SDN, CAF, TCD, CIV, BEN, BFA, GHA, TGO"
2023-09-02 05:09:08,"EGY, ETH, SSD, SDN, CAF, TCD, CIV, BEN, BFA, GHA, TGO"
2023-09-02 11:07:42,"EGY, ETH, SSD, SDN, CAF, TCD, CIV, BEN, BFA, GHA, TGO"
2023-09-02 17:08:15,"EGY, ETH, SSD, SDN, CAF, TCD, CIV, BEN, BFA, GHA, TGO"
2023-09-02 23:09:16,"EGY, ETH, SSD, SDN, CAF, TCD, CIV, BEN, BFA, GHA, TGO"
2023-09-03 05:09:32,"EGY, ETH, SSD, SDN, CAF, TCD, CIV, BEN, BFA, GHA, TGO"
2023-09-03 11:07:39,"EGY, ETH, SSD, SDN, CAF, TCD, CIV, BEN, BFA, GHA, TGO"
2023-09-03 17:09:03,"EGY, ETH, SSD, SDN, CAF, TCD, CIV, BEN, BFA, GHA, TGO"
2023-09-03 23:09:50,"EGY, ETH, SSD, SDN, CAF, TCD, CIV, BEN, BFA, GHA, TGO"
2023-09-04 05:10:03,"EGY, ETH, SSD, SDN, CAF, TCD, CIV, BEN, BFA, GHA, TGO"
2023-09-04 11:08:38,"EGY, ETH, SSD, SDN, CAF, TCD, CIV, BEN, BFA, GHA, TGO"
2023-09-04 17:09:08,"TCD, EGY, ETH, SSD, SDN, CAF, CIV, BEN, BFA, GHA, TGO"
2023-09-04 23:09:40,"TCD, EGY, ETH, SSD, SDN, CAF, CIV, BEN, BFA, GHA, TGO"
2023-09-05 05:09:50,"TCD, EGY, ETH, SSD, SDN, CAF, CIV, BEN, BFA, GHA, TGO"
2023-09-05 11:08:43,"TCD, EGY, ETH, SSD, SDN, CAF, CIV, BEN, BFA, GHA, TGO"
2023-09-05 17:09:16,"TCD, EGY, ETH, SSD, SDN, CAF, CIV, BEN, BFA, GHA, TGO"
2023-09-05 23:09:55,"TCD, EGY, ETH, SSD, SDN, CAF, CIV, BEN, BFA, GHA, TGO"
2023-09-06 05:09:50,"TCD, EGY, ETH, SSD, SDN, CAF, CIV, BEN, BFA, GHA, TGO"
2023-09-06 11:08:40,"TCD, EGY, ETH, SSD, SDN, CAF, CIV, BEN, BFA, GHA, TGO"
2023-09-06 17:09:26,"TCD, EGY, ETH, SSD, SDN, CAF, CIV, BEN, BFA, GHA, TGO"
2023-09-06 23:09:46,"TCD, EGY, ETH, SSD, SDN, CAF, CIV, BEN, BFA, GHA, TGO"
2023-09-07 05:09:55,"TCD, EGY, ETH, SSD, SDN, CAF, CIV, BEN, BFA, GHA, TGO"
2023-09-07 11:08:48,"TCD, EGY, ETH, SSD, SDN, CAF, CIV, BEN, BFA, GHA, TGO"
2023-09-07 17:09:45,"TCD, EGY, ETH, SSD, SDN, CAF, CIV, BEN, BFA, GHA, TGO"
2023-09-07 23:10:30,"TCD, EGY, ETH, SSD, SDN, CAF, CIV, BEN, BFA, GHA, TGO"
2023-09-08 05:09:51,"TCD, EGY, ETH, SSD, SDN, CAF, CIV, BEN, BFA, GHA, TGO"
2023-09-08 11:08:27,"TCD, EGY, ETH, SSD, SDN, CAF, CIV, BEN, BFA, GHA, TGO"
2023-09-08 17:09:23,"TCD, EGY, ETH, SSD, SDN, CAF, CIV, BEN, BFA, GHA, TGO"
2023-09-08 23:09:54,"TCD, EGY, ETH, SSD, SDN, CAF, CIV, BEN, BFA, GHA, TGO"
2023-09-09 05:09:03,"TCD, EGY, ETH, SSD, SDN, CAF, CIV, BEN, BFA, GHA, TGO"
2023-09-09 11:07:40,"TCD, EGY, ETH, SSD, SDN, CAF, CIV, BEN, BFA, GHA, TGO"
2023-09-09 17:08:16,"TCD, EGY, ETH, SSD, SDN, CAF, CIV, BEN, BFA, GHA, TGO"
2023-09-09 23:09:05,"TCD, EGY, ETH, SSD, SDN, CAF, CIV, BEN, BFA, GHA, TGO"
2023-09-10 05:09:07,"TCD, EGY, ETH, SSD, SDN, CAF, CIV, BEN, BFA, GHA, TGO"
2023-09-10 11:07:32,"TCD, EGY, ETH, SSD, SDN, CAF, CIV, BEN, BFA, GHA, TGO"
2023-09-10 17:08:38,"EGY, ETH, SSD, SDN, CAF, TCD, CIV, BEN, BFA, GHA, TGO"
2023-09-10 23:09:17,"EGY, ETH, SSD, SDN, CAF, TCD, CIV, BEN, BFA, GHA, TGO"
2023-09-11 05:10:01,"EGY, ETH, SSD, SDN, CAF, TCD, CIV, BEN, BFA, GHA, TGO"
2023-09-11 11:08:41,"EGY, ETH, SSD, SDN, CAF, TCD, CIV, BEN, BFA, GHA, TGO"
2023-09-11 17:09:55,"EGY, ETH, SSD, SDN, CAF, TCD, CIV, BEN, BFA, GHA, TGO"
2023-09-11 23:10:07,"EGY, ETH, SSD, SDN, CAF, TCD, CIV, BEN, BFA, GHA, TGO"
2023-09-12 05:09:49,"EGY, ETH, SSD, SDN, CAF, TCD, CIV, BEN, BFA, GHA, TGO"
2023-09-12 11:08:36,"TCD, EGY, ETH, SSD, SDN, CAF, CIV, BEN, BFA, GHA, TGO"
2023-09-12 17:09:37,"TCD, EGY, ETH, SSD, SDN, CAF, CIV, BEN, BFA, GHA, TGO"
2023-09-12 23:10:02,"TCD, EGY, ETH, SSD, SDN, CAF, CIV, BEN, BFA, GHA, TGO"
2023-09-13 05:09:50,"TCD, EGY, ETH, SSD, SDN, CAF, CIV, BEN, BFA, GHA, TGO"
2023-09-13 11:08:43,"TCD, EGY, ETH, SSD, SDN, CAF, CIV, BEN, BFA, GHA, TGO"
2023-09-13 17:09:15,"TCD, EGY, ETH, SSD, SDN, CAF, CIV, BEN, BFA, GHA, TGO"
2023-09-13 23:10:05,"TCD, EGY, ETH, SSD, SDN, CAF, CIV, BEN, BFA, GHA, TGO"
2023-09-14 05:09:58,"TCD, EGY, ETH, SSD, SDN, CAF, CIV, BEN, BFA, GHA, TGO"
2023-09-14 11:08:42,"TCD, EGY, ETH, SSD, SDN, CAF, CIV, BEN, BFA, GHA, TGO"
2023-09-14 17:09:28,"TCD, EGY, ETH, SSD, SDN, CAF, CIV, BEN, BFA, GHA, TGO"
2023-09-14 23:10:18,"TCD, EGY, ETH, SSD, SDN, CAF, CIV, BEN, BFA, GHA, TGO"
2023-09-15 05:09:59,"TCD, EGY, ETH, SSD, SDN, CAF, CIV, BEN, BFA, GHA, TGO"
2023-09-15 11:08:35,"TCD, EGY, ETH, SSD, SDN, CAF, CIV, BEN, BFA, GHA, TGO"
2023-09-15 17:09:35,"TCD, EGY, ETH, SSD, SDN, CAF, CIV, BEN, BFA, GHA, TGO"
2023-09-15 23:09:45,"EGY, ETH, SSD, SDN, CAF, TCD, CIV, BEN, BFA, GHA, TGO"
2023-09-16 05:09:00,"EGY, ETH, SSD, SDN, CAF, TCD, CIV, BEN, BFA, GHA, TGO"
2023-09-16 11:07:40,"EGY, ETH, SSD, SDN, CAF, TCD, CIV, BEN, BFA, GHA, TGO"
2023-09-16 17:08:04,"EGY, ETH, SSD, SDN, CAF, TCD, CIV, BEN, BFA, GHA, TGO"
2023-09-16 23:09:30,"EGY, ETH, SSD, SDN, CAF, TCD, CIV, BEN, BFA, GHA, TGO"
2023-09-17 05:10:05,"EGY, ETH, SSD, SDN, CAF, TCD, CIV, BEN, BFA, GHA, TGO"
2023-09-17 11:07:26,"EGY, ETH, SSD, SDN, CAF, TCD, CIV, BEN, BFA, GHA, TGO"
2023-09-17 17:08:21,"EGY, ETH, SSD, SDN, CAF, TCD, CIV, BEN, BFA, GHA, TGO"
2023-09-17 23:09:33,"EGY, ETH, SSD, SDN, CAF, TCD, CIV, BEN, BFA, GHA, TGO"
2023-09-18 05:10:02,"EGY, ETH, SSD, SDN, CAF, TCD, CIV, BEN, BFA, GHA, TGO"
2023-09-18 11:08:49,"EGY, ETH, SSD, SDN, CAF, TCD, CIV, BEN, BFA, GHA, TGO"
2023-09-18 17:09:39,"TCD, EGY, ETH, SSD, SDN, CAF, CIV, BEN, BFA, GHA, TGO"
2023-09-18 23:10:11,"TCD, EGY, ETH, SSD, SDN, CAF, CIV, BEN, BFA, GHA, TGO"
2023-09-19 05:10:06,"TCD, EGY, ETH, SSD, SDN, CAF, CIV, BEN, BFA, GHA, TGO"
2023-09-19 11:08:38,"TCD, EGY, ETH, SSD, SDN, CAF, CIV, BEN, BFA, GHA, TGO"
2023-09-19 17:09:30,"TCD, EGY, ETH, SSD, SDN, CAF, CIV, BEN, BFA, GHA, TGO"
2023-09-19 23:09:43,"TCD, EGY, ETH, SSD, SDN, CAF, CIV, BEN, BFA, GHA, TGO"
2023-09-20 05:09:42,"TCD, EGY, ETH, SSD, SDN, CAF, CIV, BEN, BFA, GHA, TGO"
2023-09-20 11:08:45,"TCD, EGY, ETH, SSD, SDN, CAF, CIV, BEN, BFA, GHA, TGO"
2023-09-20 17:09:39,"TCD, EGY, ETH, SSD, SDN, CAF, CIV, BEN, BFA, GHA, TGO"
2023-09-20 23:09:55,"TCD, EGY, ETH, SSD, SDN, CAF, CIV, BEN, BFA, GHA, TGO"
2023-09-21 05:10:11,"TCD, EGY, ETH, SSD, SDN, CAF, CIV, BEN, BFA, GHA, TGO"
2023-09-21 11:08:53,"TCD, EGY, ETH, SSD, SDN, CAF, CIV, BEN, BFA, GHA, TGO"
2023-09-21 17:09:40,"TCD, EGY, ETH, SSD, SDN, CAF, CIV, BEN, BFA, GHA, TGO"
2023-09-21 23:10:33,"TCD, EGY, ETH, SSD, SDN, CAF, CIV, BEN, BFA, GHA, TGO"
2023-09-22 05:09:51,"TCD, EGY, ETH, SSD, SDN, CAF, CIV, BEN, BFA, GHA, TGO"
2023-09-22 11:08:45,"TCD, EGY, ETH, SSD, SDN, CAF, CIV, BEN, BFA, GHA, TGO"
2023-09-22 17:09:23,"TCD, EGY, ETH, SSD, SDN, CAF, CIV, BEN, BFA, GHA, TGO"
2023-09-22 23:09:59,"TCD, EGY, ETH, SSD, SDN, CAF, CIV, BEN, BFA, GHA, TGO"
2023-09-23 05:09:08,"TCD, EGY, ETH, SSD, SDN, CAF, CIV, BEN, BFA, GHA, TGO"
2023-09-23 11:07:43,"TCD, EGY, ETH, SSD, SDN, CAF, CIV, BEN, BFA, GHA, TGO"
2023-09-23 17:08:23,"TCD, EGY, ETH, SSD, SDN, CAF, CIV, BEN, BFA, GHA, TGO"
2023-09-23 23:09:19,"TCD, EGY, ETH, SSD, SDN, CAF, CIV, BEN, BFA, GHA, TGO"
2023-09-24 05:09:43,"TCD, EGY, ETH, SSD, SDN, CAF, CIV, BEN, BFA, GHA, TGO"
2023-09-24 11:07:57,"TCD, EGY, ETH, SSD, SDN, CAF, CIV, BEN, BFA, GHA, TGO"
2023-09-24 17:08:19,"TCD, EGY, ETH, SSD, SDN, CAF, CIV, BEN, BFA, GHA, TGO"
2023-09-24 23:09:41,"TCD, EGY, ETH, SSD, SDN, CAF, CIV, BEN, BFA, GHA, TGO"
2023-09-25 05:10:04,"TCD, EGY, ETH, SSD, SDN, CAF, CIV, BEN, BFA, GHA, TGO"
2023-09-25 11:08:45,"TCD, EGY, ETH, SSD, SDN, CAF, CIV, BEN, BFA, GHA, TGO"
2023-09-25 17:09:46,"TCD, EGY, ETH, SSD, SDN, CAF, CIV, BEN, BFA, GHA, TGO"
2023-09-25 23:10:00,"TCD, EGY, ETH, SSD, SDN, CAF, CIV, BEN, BFA, GHA, TGO"
2023-09-26 05:09:58,"TCD, EGY, ETH, SSD, SDN, CAF, CIV, BEN, BFA, GHA, TGO"
2023-09-26 11:08:49,"TCD, EGY, ETH, SSD, SDN, CAF, CIV, BEN, BFA, GHA, TGO"
2023-09-26 17:09:43,"TCD, EGY, ETH, SSD, SDN, CAF, CIV, BEN, BFA, GHA, TGO"
2023-09-26 23:09:52,"TCD, EGY, ETH, SSD, SDN, CAF, CIV, BEN, BFA, GHA, TGO"
2023-09-27 05:09:59,"TCD, EGY, ETH, SSD, SDN, CAF, CIV, BEN, BFA, GHA, TGO"
2023-09-27 11:08:38,"TCD, EGY, ETH, SSD, SDN, CAF, CIV, BEN, BFA, GHA, TGO"
2023-09-27 17:09:44,"TCD, EGY, ETH, SSD, SDN, CAF, CIV, BEN, BFA, GHA, TGO"
2023-09-27 23:10:13,"TCD, EGY, ETH, SSD, SDN, CAF, CIV, BEN, BFA, GHA, TGO"
2023-09-28 05:09:53,"TCD, EGY, ETH, SSD, SDN, CAF, CIV, BEN, BFA, GHA, TGO"
2023-09-28 11:08:55,"TCD, EGY, ETH, SSD, SDN, CAF, CIV, BEN, BFA, GHA, TGO"
2023-09-28 17:09:34,"TCD, EGY, ETH, SSD, SDN, CAF, CIV, BEN, BFA, GHA, TGO"
2023-09-28 23:10:11,"TCD, EGY, ETH, SSD, SDN, CAF, CIV, BEN, BFA, GHA, TGO"
2023-09-29 05:09:56,"TCD, EGY, ETH, SSD, SDN, CAF, CIV, BEN, BFA, GHA, TGO"
2023-09-29 11:08:42,"TCD, EGY, ETH, SSD, SDN, CAF, CIV, BEN, BFA, GHA, TGO"
2023-09-29 17:09:37,"TCD, EGY, ETH, SSD, SDN, CAF, CIV, BEN, BFA, GHA, TGO"
2023-09-29 23:10:19,"TCD, EGY, ETH, SSD, SDN, CAF, CIV, BEN, BFA, GHA, TGO"
2023-09-30 05:09:18,"TCD, EGY, ETH, SSD, SDN, CAF, CIV, BEN, BFA, GHA, TGO"
2023-09-30 11:07:53,"TCD, EGY, ETH, SSD, SDN, CAF, CIV, BEN, BFA, GHA, TGO"
2023-09-30 17:08:23,"TCD, EGY, ETH, SSD, SDN, CAF, CIV, BEN, BFA, GHA, TGO"
2023-09-30 23:09:29,"TCD, EGY, ETH, SSD, SDN, CAF, CIV, BEN, BFA, GHA, TGO"
2023-10-01 05:09:40,"TCD, EGY, ETH, SSD, SDN, CAF, CIV, BEN, BFA, GHA, TGO"
2023-10-01 11:07:52,"TCD, EGY, ETH, SSD, SDN, CAF, CIV, BEN, BFA, GHA, TGO"
2023-10-01 17:09:28,"TCD, EGY, ETH, SSD, SDN, CAF, CIV, BEN, BFA, GHA, TGO"
2023-10-01 23:10:02,"TCD, EGY, ETH, SSD, SDN, CAF, CIV, BEN, BFA, GHA, TGO"
2023-10-02 05:09:58,"TCD, EGY, ETH, SSD, SDN, CAF, CIV, BEN, BFA, GHA, TGO"
2023-10-02 11:08:40,"TCD, EGY, ETH, SSD, SDN, CAF, CIV, BEN, BFA, GHA, TGO"
2023-10-02 17:09:45,"TCD, EGY, ETH, SSD, SDN, CAF, CIV, BEN, BFA, GHA, TGO"
2023-10-02 23:10:30,"TCD, EGY, ETH, SSD, SDN, CAF, CIV, BEN, BFA, GHA, TGO"
2023-10-03 05:09:58,"TCD, EGY, ETH, SSD, SDN, CAF, CIV, BEN, BFA, GHA, TGO"
2023-10-03 11:08:50,"TCD, EGY, ETH, SSD, SDN, CAF, CIV, BEN, BFA, GHA, TGO"
2023-10-03 17:09:44,"TCD, EGY, ETH, SSD, SDN, CAF, CIV, BEN, BFA, GHA, TGO"
2023-10-03 23:09:54,"TCD, EGY, ETH, SSD, SDN, CAF, CIV, BEN, BFA, GHA, TGO"
2023-10-04 05:10:10,"TCD, EGY, ETH, SSD, SDN, CAF, CIV, BEN, BFA, GHA, TGO"
2023-10-04 11:08:45,"TCD, EGY, ETH, SSD, SDN, CAF, CIV, BEN, BFA, GHA, TGO"
2023-10-04 17:09:47,"TCD, EGY, ETH, SSD, SDN, CAF, CIV, BEN, BFA, GHA, TGO"
2023-10-04 23:10:29,"TCD, EGY, ETH, SSD, SDN, CAF, CIV, BEN, BFA, GHA, TGO"
2023-10-05 05:10:08,"TCD, EGY, ETH, SSD, SDN, CAF, CIV, BEN, BFA, GHA, TGO"
2023-10-05 11:08:58,"TCD, EGY, ETH, SSD, SDN, CAF, CIV, BEN, BFA, GHA, TGO"
2023-10-05 17:09:56,"TCD, EGY, ETH, SSD, SDN, CAF, CIV, BEN, BFA, GHA, TGO"
2023-10-05 23:10:25,"TCD, EGY, ETH, SSD, SDN, CAF, CIV, BEN, BFA, GHA, TGO"
2023-10-06 05:09:55,"TCD, EGY, ETH, SSD, SDN, CAF, CIV, BEN, BFA, GHA, TGO"
2023-10-06 11:08:56,"TCD, EGY, ETH, SSD, SDN, CAF, CIV, BEN, BFA, GHA, TGO"
2023-10-06 17:09:32,"TCD, EGY, ETH, SSD, SDN, CAF, CIV, BEN, BFA, GHA, TGO"
2023-10-06 23:09:49,"TCD, EGY, ETH, SSD, SDN, CAF, CIV, BEN, BFA, GHA, TGO"
2023-10-07 05:09:10,"TCD, EGY, ETH, SSD, SDN, CAF, CIV, BEN, BFA, GHA, TGO"
2023-10-07 11:08:05,"TCD, EGY, ETH, SSD, SDN, CAF, CIV, BEN, BFA, GHA, TGO"
2023-10-07 17:08:22,"TCD, EGY, ETH, SSD, SDN, CAF, CIV, BEN, BFA, GHA, TGO"
2023-10-07 23:09:24,"TCD, EGY, ETH, SSD, SDN, CAF, CIV, BEN, BFA, GHA, TGO"
2023-10-08 05:09:26,"TCD, EGY, ETH, SSD, SDN, CAF, CIV, BEN, BFA, GHA, TGO"
2023-10-08 11:07:52,"TCD, EGY, ETH, SSD, SDN, CAF, CIV, BEN, BFA, GHA, TGO"
2023-10-08 17:08:20,"TCD, EGY, ETH, SSD, SDN, CAF, CIV, BEN, BFA, GHA, TGO"
2023-10-08 23:09:48,"TCD, EGY, ETH, SSD, SDN, CAF, CIV, BEN, BFA, GHA, TGO"
2023-10-09 05:10:10,"TCD, EGY, ETH, SSD, SDN, CAF, CIV, BEN, BFA, GHA, TGO"
2023-10-09 11:09:10,"TCD, EGY, ETH, SSD, SDN, CAF, CIV, BEN, BFA, GHA, TGO"
2023-10-09 17:09:43,"EGY, ETH, SSD, SDN, TCD, CAF, CIV, BEN, BFA, GHA, TGO"
2023-10-09 23:10:09,"EGY, ETH, SSD, SDN, TCD, CAF, CIV, BEN, BFA, GHA, TGO"
2023-10-10 05:10:08,"EGY, ETH, SSD, SDN, TCD, CAF, CIV, BEN, BFA, GHA, TGO"
2023-10-10 11:08:45,"EGY, ETH, SSD, SDN, TCD, CAF, CIV, BEN, BFA, GHA, TGO"
2023-10-10 17:09:08,"EGY, ETH, SSD, SDN, TCD, CAF, CIV, BEN, BFA, GHA, TGO"
2023-10-10 23:10:07,"EGY, ETH, SSD, SDN, TCD, CAF, CIV, BEN, BFA, GHA, TGO"
2023-10-11 05:09:57,"EGY, ETH, SSD, SDN, TCD, CAF, CIV, BEN, BFA, GHA, TGO"
2023-10-11 11:08:54,"EGY, ETH, SSD, SDN, TCD, CAF, CIV, BEN, BFA, GHA, TGO"
2023-10-11 17:09:46,"TCD, EGY, ETH, SSD, SDN, CAF, CIV, BEN, BFA, GHA, TGO"
2023-10-11 23:10:32,"TCD, EGY, ETH, SSD, SDN, CAF, CIV, BEN, BFA, GHA, TGO"
2023-10-12 05:10:06,"TCD, EGY, ETH, SSD, SDN, CAF, CIV, BEN, BFA, GHA, TGO"
2023-10-12 11:08:56,"TCD, EGY, ETH, SSD, SDN, CAF, CIV, BEN, BFA, GHA, TGO"
2023-10-12 17:09:45,"TCD, EGY, ETH, SSD, SDN, CAF, CIV, BEN, BFA, GHA, TGO"
2023-10-12 23:10:54,"TCD, EGY, ETH, SSD, SDN, CAF, CIV, BEN, BFA, GHA, TGO"
2023-10-13 05:10:09,"TCD, EGY, ETH, SSD, SDN, CAF, CIV, BEN, BFA, GHA, TGO"
2023-10-13 11:08:54,"TCD, EGY, ETH, SSD, SDN, CAF, CIV, BEN, BFA, GHA, TGO"
2023-10-13 17:09:20,"TCD, EGY, ETH, SSD, SDN, CAF, CIV, BEN, BFA, GHA, TGO"
2023-10-13 23:09:56,"TCD, EGY, ETH, SSD, SDN, CAF, CIV, BEN, BFA, GHA, TGO"
2023-10-14 05:09:20,"TCD, EGY, ETH, SSD, SDN, CAF, CIV, BEN, BFA, GHA, TGO"
2023-10-14 11:08:06,"TCD, EGY, ETH, SSD, SDN, CAF, CIV, BEN, BFA, GHA, TGO"
2023-10-14 17:08:22,"TCD, EGY, ETH, SSD, SDN, CAF, CIV, BEN, BFA, GHA, TGO"
2023-10-14 23:09:40,"TCD, EGY, ETH, SSD, SDN, CAF, CIV, BEN, BFA, GHA, TGO"
2023-10-15 05:09:33,"TCD, EGY, ETH, SSD, SDN, CAF, CIV, BEN, BFA, GHA, TGO"
2023-10-15 11:07:51,"TCD, EGY, ETH, SSD, SDN, CAF, CIV, BEN, BFA, GHA, TGO"
2023-10-15 17:08:23,"TCD, EGY, ETH, SSD, SDN, CAF, CIV, BEN, BFA, GHA, TGO"
2023-10-15 23:09:35,"TCD, EGY, ETH, SSD, SDN, CAF, CIV, BEN, BFA, GHA, TGO"
2023-10-16 05:10:37,"TCD, EGY, ETH, SSD, SDN, CAF, CIV, BEN, BFA, GHA, TGO"
2023-10-16 11:09:00,"TCD, EGY, ETH, SSD, SDN, CAF, CIV, BEN, BFA, GHA, TGO"
2023-10-16 17:09:44,"TCD, EGY, ETH, SSD, SDN, CAF, CIV, BEN, BFA, GHA, TGO"
2023-10-16 23:10:08,"TCD, EGY, ETH, SSD, SDN, CAF, CIV, BEN, BFA, GHA, TGO"
2023-10-17 05:10:15,"TCD, EGY, ETH, SSD, SDN, CAF, CIV, BEN, BFA, GHA, TGO"
2023-10-17 11:08:54,"TCD, EGY, ETH, SSD, SDN, CAF, CIV, BEN, BFA, GHA, TGO"
2023-10-17 17:09:37,"TCD, EGY, ETH, SSD, SDN, CAF, CIV, BEN, BFA, GHA, TGO"
2023-10-17 23:10:07,"TCD, EGY, ETH, SSD, SDN, CAF, CIV, BEN, BFA, GHA, TGO"
2023-10-18 05:10:09,"TCD, EGY, ETH, SSD, SDN, CAF, CIV, BEN, BFA, GHA, TGO"
2023-10-18 11:08:59,"TCD, EGY, ETH, SSD, SDN, CAF, CIV, BEN, BFA, GHA, TGO"
2023-10-18 17:10:01,"TCD, EGY, ETH, SSD, SDN, CAF, CIV, BEN, BFA, GHA, TGO"
2023-10-18 23:10:32,"TCD, EGY, ETH, SSD, SDN, CAF, CIV, BEN, BFA, GHA, TGO"
2023-10-19 05:10:06,"TCD, EGY, ETH, SSD, SDN, CAF, CIV, BEN, BFA, GHA, TGO"
2023-10-19 11:08:50,"TCD, EGY, ETH, SSD, SDN, CAF, CIV, BEN, BFA, GHA, TGO"
2023-10-19 17:09:25,"TCD, EGY, ETH, SSD, SDN, CAF, CIV, ARM, BEN, BFA, GHA, TGO"
2023-10-19 23:10:25,"TCD, EGY, ETH, SSD, SDN, CAF, CIV, ARM, BEN, BFA, GHA, TGO"
2023-10-20 05:09:51,"TCD, EGY, ETH, SSD, SDN, CAF, CIV, ARM, BEN, BFA, GHA, TGO"
2023-10-20 11:08:58,"TCD, EGY, ETH, SSD, SDN, CAF, CIV, ARM, BEN, BFA, GHA, TGO"
2023-10-20 17:09:16,"TCD, EGY, ETH, SSD, SDN, CAF, CIV, ARM, BEN, BFA, GHA, TGO"
2023-10-20 23:10:04,"ARM, EGY, ETH, SSD, SDN, CAF, TCD, CIV, BEN, BFA, GHA, TGO"
2023-10-21 05:09:33,"ARM, EGY, ETH, SSD, SDN, CAF, TCD, CIV, BEN, BFA, GHA, TGO"
2023-10-21 11:08:02,"ARM, EGY, ETH, SSD, SDN, CAF, TCD, CIV, BEN, BFA, GHA, TGO"
2023-10-21 17:08:43,"ARM, EGY, ETH, SSD, SDN, CAF, TCD, CIV, BEN, BFA, GHA, TGO"
2023-10-21 23:09:29,"ARM, EGY, ETH, SSD, SDN, CAF, TCD, CIV, BEN, BFA, GHA, TGO"
2023-10-22 05:09:49,"ARM, EGY, ETH, SSD, SDN, CAF, TCD, CIV, BEN, BFA, GHA, TGO"
2023-10-22 11:07:55,"ARM, EGY, ETH, SSD, SDN, CAF, TCD, CIV, BEN, BFA, GHA, TGO"
2023-10-22 17:09:17,"ARM, EGY, ETH, SSD, SDN, CAF, TCD, CIV, BEN, BFA, GHA, TGO"
2023-10-22 23:09:57,"ARM, EGY, ETH, SSD, SDN, CAF, TCD, CIV, BEN, BFA, GHA, TGO"
2023-10-23 05:10:21,"ARM, EGY, ETH, SSD, SDN, CAF, TCD, CIV, BEN, BFA, GHA, TGO"
2023-10-23 11:09:01,"ARM, EGY, ETH, SSD, SDN, CAF, TCD, CIV, BEN, BFA, GHA, TGO"
2023-10-23 17:08:54,"ARM, EGY, ETH, SSD, SDN, CAF, TCD, CIV, BEN, BFA, GHA, TGO"
2023-10-23 23:10:17,"ARM, EGY, ETH, SSD, SDN, CAF, TCD, CIV, BEN, BFA, GHA, TGO"
2023-10-24 05:09:46,"ARM, EGY, ETH, SSD, SDN, CAF, TCD, CIV, BEN, BFA, GHA, TGO"
2023-10-24 11:08:27,"ARM, EGY, ETH, SSD, SDN, CAF, TCD, CIV, BEN, BFA, GHA, TGO"
2023-10-24 17:09:37,"ARM, EGY, ETH, SSD, SDN, CAF, TCD, CIV, BEN, BFA, GHA, TGO"
2023-10-24 23:10:01,"ARM, EGY, ETH, SSD, SDN, CAF, TCD, CIV, BEN, BFA, GHA, TGO"
2023-10-25 05:09:56,"ARM, EGY, ETH, SSD, SDN, CAF, TCD, CIV, BEN, BFA, GHA, TGO"
2023-10-25 11:08:48,"ARM, EGY, ETH, SSD, SDN, CAF, TCD, CIV, BEN, BFA, GHA, TGO"
2023-10-25 17:08:44,"ARM, EGY, ETH, SSD, SDN, CAF, TCD, CIV, BEN, BFA, GHA, TGO"
2023-10-25 23:10:34,"ARM, EGY, ETH, SSD, SDN, CAF, TCD, CIV, BEN, BFA, GHA, TGO"
2023-10-26 05:09:51,"ARM, EGY, ETH, SSD, SDN, CAF, TCD, CIV, BEN, BFA, GHA, TGO"
2023-10-26 11:08:47,"ARM, EGY, ETH, SSD, SDN, CAF, TCD, CIV, BEN, BFA, GHA, TGO"
2023-10-26 17:09:32,"ARM, EGY, ETH, SSD, SDN, CAF, TCD, CIV, BEN, BFA, GHA, TGO"
2023-10-26 23:10:32,"ARM, EGY, ETH, SSD, SDN, CAF, TCD, CIV, BEN, BFA, GHA, TGO"
2023-10-27 05:09:54,"ARM, EGY, ETH, SSD, SDN, CAF, TCD, CIV, BEN, BFA, GHA, TGO"
2023-10-27 11:08:51,"ARM, EGY, ETH, SSD, SDN, CAF, TCD, CIV, BEN, BFA, GHA, TGO"
2023-10-27 17:07:56,"ARM, EGY, ETH, SSD, SDN, CAF, TCD, CIV, BEN, BFA, GHA, TGO"
2023-10-27 23:10:08,"ARM, EGY, ETH, SSD, SDN, CAF, TCD, CIV, BEN, BFA, GHA, TGO"
2023-10-28 05:09:09,"ARM, EGY, ETH, SSD, SDN, CAF, TCD, CIV, BEN, BFA, GHA, TGO"
2023-10-28 11:07:58,"ARM, EGY, ETH, SSD, SDN, CAF, TCD, CIV, BEN, BFA, GHA, TGO"
2023-10-28 17:08:44,"ARM, EGY, ETH, SSD, SDN, CAF, TCD, CIV, BEN, BFA, GHA, TGO"
2023-10-28 23:09:29,"ARM, EGY, ETH, SSD, SDN, CAF, TCD, CIV, BEN, BFA, GHA, TGO"
2023-10-29 05:09:25,"ARM, EGY, ETH, SSD, SDN, CAF, TCD, CIV, BEN, BFA, GHA, TGO"
2023-10-29 11:07:52,"ARM, EGY, ETH, SSD, SDN, CAF, TCD, CIV, BEN, BFA, GHA, TGO"
2023-10-29 17:08:28,"ARM, EGY, ETH, SSD, SDN, CAF, TCD, CIV, BEN, BFA, GHA, TGO"
2023-10-29 23:09:45,"ARM, EGY, ETH, SSD, SDN, CAF, TCD, CIV, BEN, BFA, GHA, TGO"
2023-10-30 05:10:37,"ARM, EGY, ETH, SSD, SDN, CAF, TCD, CIV, BEN, BFA, GHA, TGO"
2023-10-30 11:08:50,"ARM, EGY, ETH, SSD, SDN, CAF, TCD, CIV, BEN, BFA, GHA, TGO"
2023-10-30 17:09:24,"ARM, EGY, ETH, SSD, SDN, CAF, TCD, CIV, BEN, BFA, GHA, TGO"
2023-10-30 23:10:12,"ARM, EGY, ETH, SSD, SDN, CAF, TCD, CIV, BEN, BFA, GHA, TGO"
2023-10-31 05:09:51,"ARM, EGY, ETH, SSD, SDN, CAF, TCD, CIV, BEN, BFA, GHA, TGO"
2023-10-31 11:08:59,"ARM, EGY, ETH, SSD, SDN, CAF, TCD, CIV, BEN, BFA, GHA, TGO"
2023-10-31 17:09:29,"ARM, EGY, ETH, SSD, SDN, CAF, TCD, CIV, BEN, BFA, GHA, TGO"
2023-10-31 23:10:09,"ARM, EGY, ETH, SSD, SDN, CAF, TCD, CIV, BEN, BFA, GHA, TGO"
2023-11-01 05:10:28,"ARM, EGY, ETH, SSD, SDN, CAF, TCD, CIV, BEN, BFA, GHA, TGO"
2023-11-01 11:08:44,"ARM, EGY, ETH, SSD, SDN, CAF, TCD, CIV, BEN, BFA, GHA, TGO"
2023-11-01 17:09:26,"ARM, EGY, ETH, SSD, SDN, CAF, TCD, CIV, BEN, BFA, GHA, TGO"
2023-11-01 23:10:38,"ARM, EGY, ETH, SSD, SDN, CAF, TCD, CIV, BEN, BFA, GHA, TGO"
2023-11-02 05:10:10,"ARM, EGY, ETH, SSD, SDN, CAF, TCD, CIV, BEN, BFA, GHA, TGO"
2023-11-02 11:09:00,"ARM, EGY, ETH, SSD, SDN, CAF, TCD, CIV, BEN, BFA, GHA, TGO"
2023-11-02 17:09:49,"ARM, EGY, ETH, SSD, SDN, CAF, TCD, CIV, BEN, BFA, GHA, TGO"
2023-11-02 23:10:43,"ARM, EGY, ETH, SSD, SDN, CAF, TCD, CIV, BEN, BFA, GHA, TGO"
2023-11-03 05:10:01,"ARM, EGY, ETH, SSD, SDN, CAF, TCD, CIV, BEN, BFA, GHA, TGO"
2023-11-03 11:09:16,"ARM, EGY, ETH, SSD, SDN, CAF, TCD, CIV, BEN, BFA, GHA, TGO"
2023-11-03 17:09:42,"ARM, EGY, ETH, SSD, SDN, CAF, TCD, CIV, BEN, BFA, GHA, TGO"
2023-11-03 23:10:26,"ARM, EGY, ETH, SSD, SDN, CAF, TCD, CIV, BEN, BFA, GHA, TGO"
2023-11-04 05:09:49,"ARM, EGY, ETH, SSD, SDN, CAF, TCD, CIV, BEN, BFA, GHA, TGO"
2023-11-04 11:08:39,"ARM, EGY, ETH, SSD, SDN, CAF, TCD, CIV, BEN, BFA, GHA, TGO"
2023-11-04 17:08:32,"ARM, EGY, ETH, SSD, SDN, CAF, TCD, CIV, BEN, BFA, GHA, TGO"
2023-11-04 23:09:47,"ARM, EGY, ETH, SSD, SDN, CAF, TCD, CIV, BEN, BFA, GHA, TGO"
2023-11-05 05:09:42,"ARM, EGY, ETH, SSD, SDN, CAF, TCD, CIV, BEN, BFA, GHA, TGO"
2023-11-05 11:08:10,"ARM, EGY, ETH, SSD, SDN, CAF, TCD, CIV, BEN, BFA, GHA, TGO"
2023-11-05 17:08:50,"ARM, EGY, ETH, SSD, SDN, CAF, TCD, CIV, BEN, BFA, GHA, TGO"
2023-11-05 23:09:50,"ARM, EGY, ETH, SSD, SDN, CAF, TCD, CIV, BEN, BFA, GHA, TGO"
2023-11-06 05:10:42,"ARM, EGY, ETH, SSD, SDN, CAF, TCD, CIV, BEN, BFA, GHA, TGO"
2023-11-06 11:09:27,"ARM, EGY, ETH, SSD, SDN, CAF, TCD, CIV, BEN, BFA, GHA, TGO"
2023-11-06 17:09:37,"ARM, EGY, ETH, SSD, SDN, CAF, TCD, CIV, BEN, BFA, GHA, TGO"
2023-11-06 23:10:23,"ARM, EGY, ETH, SSD, SDN, CAF, TCD, CIV, BEN, BFA, GHA, TGO"
2023-11-07 05:10:19,"ARM, EGY, ETH, SSD, SDN, CAF, TCD, CIV, BEN, BFA, GHA, TGO"
2023-11-07 11:09:09,"ARM, EGY, ETH, SSD, SDN, CAF, TCD, CIV, BEN, BFA, GHA, TGO"
2023-11-07 17:09:33,"ARM, EGY, ETH, SSD, SDN, CAF, TCD, CIV, BEN, BFA, GHA, TGO"
2023-11-07 23:10:42,"ARM, EGY, ETH, SSD, SDN, CAF, TCD, CIV, BEN, BFA, GHA, TGO"
2023-11-08 05:10:24,"ARM, EGY, ETH, SSD, SDN, CAF, TCD, CIV, BEN, BFA, GHA, TGO"
2023-11-08 11:08:58,"ARM, EGY, ETH, SSD, SDN, CAF, TCD, CIV, BEN, BFA, GHA, TGO"
2023-11-08 17:09:40,"ARM, EGY, ETH, SSD, SDN, CAF, TCD, CIV, BEN, BFA, GHA, TGO"
2023-11-08 23:10:30,"ARM, EGY, ETH, SSD, SDN, CAF, TCD, CIV, BEN, BFA, GHA, TGO"
2023-11-09 05:10:11,"ARM, EGY, ETH, SSD, SDN, CAF, TCD, CIV, BEN, BFA, GHA, TGO"
2023-11-09 11:08:57,"ARM, EGY, ETH, SSD, SDN, CAF, TCD, CIV, BEN, BFA, GHA, TGO"
2023-11-09 17:09:30,"ARM, EGY, ETH, SSD, SDN, CAF, TCD, CIV, BEN, BFA, GHA, TGO"
2023-11-09 23:10:49,"ARM, EGY, ETH, SSD, SDN, CAF, TCD, CIV, BEN, BFA, GHA, TGO"
2023-11-10 05:10:01,"ARM, EGY, ETH, SSD, SDN, CAF, TCD, CIV, BEN, BFA, GHA, TGO"
2023-11-10 11:08:53,"ARM, EGY, ETH, SSD, SDN, CAF, TCD, CIV, BEN, BFA, GHA, TGO"
2023-11-10 17:09:35,"ARM, EGY, ETH, SSD, SDN, CAF, TCD, CIV, BEN, BFA, GHA, TGO"
2023-11-10 23:10:02,"AFG, EGY, ETH, SSD, SDN, CAF, PAK, TCD, ARM, CIV, BEN, BFA, GHA, TGO"
2023-11-11 05:09:25,"AFG, EGY, ETH, SSD, SDN, CAF, PAK, TCD, ARM, CIV, BEN, BFA, GHA, TGO"
2023-11-11 11:08:00,"AFG, EGY, ETH, SSD, SDN, CAF, PAK, TCD, ARM, CIV, BEN, BFA, GHA, TGO"
2023-11-11 17:08:30,"AFG, EGY, ETH, SSD, SDN, CAF, PAK, TCD, ARM, CIV, BEN, BFA, GHA, TGO"
2023-11-11 23:09:57,"AFG, EGY, ETH, SSD, SDN, CAF, PAK, TCD, ARM, CIV, BEN, BFA, GHA, TGO"
2023-11-12 05:09:40,"AFG, EGY, ETH, SSD, SDN, CAF, PAK, TCD, ARM, CIV, BEN, BFA, GHA, TGO"
2023-11-12 11:08:15,"AFG, EGY, ETH, SSD, SDN, CAF, PAK, TCD, ARM, CIV, BEN, BFA, GHA, TGO"
2023-11-12 17:08:37,"AFG, EGY, ETH, SSD, SDN, CAF, PAK, TCD, ARM, CIV, BEN, BFA, GHA, TGO"
2023-11-12 23:09:59,"AFG, EGY, ETH, SSD, SDN, CAF, PAK, TCD, ARM, CIV, BEN, BFA, GHA, TGO"
2023-11-13 05:10:35,"AFG, EGY, ETH, SSD, SDN, CAF, PAK, TCD, ARM, CIV, BEN, BFA, GHA, TGO"
2023-11-13 11:09:29,"AFG, EGY, ETH, SSD, SDN, CAF, PAK, TCD, ARM, CIV, BEN, BFA, GHA, TGO"
2023-11-13 17:09:42,"AFG, EGY, ETH, SSD, SDN, CAF, PAK, TCD, ARM, CIV, BEN, BFA, GHA, TGO"
2023-11-13 23:10:43,"AFG, EGY, ETH, SSD, SDN, CAF, PAK, TCD, ARM, CIV, BEN, BFA, GHA, TGO"
2023-11-14 05:10:17,"AFG, EGY, ETH, SSD, SDN, CAF, PAK, TCD, ARM, CIV, BEN, BFA, GHA, TGO"
2023-11-14 11:09:10,"AFG, EGY, ETH, SSD, SDN, CAF, PAK, TCD, ARM, CIV, BEN, BFA, GHA, TGO"
2023-11-14 17:08:28,"AFG, EGY, ETH, SSD, SDN, CAF, PAK, TCD, ARM, CIV, BEN, BFA, GHA, TGO"
2023-11-14 23:10:55,"AFG, EGY, ETH, SSD, SDN, CAF, PAK, TCD, ARM, CIV, BEN, BFA, GHA, TGO"
2023-11-15 05:10:23,"AFG, EGY, ETH, SSD, SDN, CAF, PAK, TCD, ARM, CIV, BEN, BFA, GHA, TGO"
2023-11-15 11:09:25,"AFG, EGY, ETH, SSD, SDN, CAF, PAK, TCD, ARM, CIV, BEN, BFA, GHA, TGO"
2023-11-15 17:10:20,"ARM, EGY, ETH, SSD, SDN, CAF, TCD, AFG, PAK, CIV, BEN, BFA, GHA, TGO"
2023-11-15 23:10:53,"ARM, EGY, ETH, SSD, SDN, CAF, TCD, AFG, PAK, CIV, BEN, BFA, GHA, TGO"
2023-11-16 05:10:50,"ARM, EGY, ETH, SSD, SDN, CAF, TCD, AFG, PAK, CIV, BEN, BFA, GHA, TGO"
2023-11-16 11:09:21,"ARM, EGY, ETH, SSD, SDN, CAF, TCD, AFG, PAK, CIV, BEN, BFA, GHA, TGO"
2023-11-16 17:09:53,"ARM, EGY, ETH, SSD, SDN, CAF, TCD, AFG, PAK, CIV, BEN, BFA, GHA, TGO"
2023-11-16 23:10:55,"ARM, EGY, ETH, SSD, SDN, CAF, TCD, AFG, PAK, CIV, BEN, BFA, GHA, TGO"
2023-11-17 05:10:36,"ARM, EGY, ETH, SSD, SDN, CAF, TCD, AFG, PAK, CIV, BEN, BFA, GHA, TGO"
2023-11-17 11:09:22,"ARM, EGY, ETH, SSD, SDN, CAF, TCD, AFG, PAK, CIV, BEN, BFA, GHA, TGO"
2023-11-17 17:09:49,"AFG, EGY, ETH, SSD, SDN, PAK, CAF, TCD, ARM, CIV, BEN, BFA, GHA, TGO"
2023-11-17 23:10:46,"AFG, EGY, ETH, SSD, SDN, PAK, CAF, TCD, ARM, CIV, BEN, BFA, GHA, TGO"
2023-11-18 05:09:50,"AFG, EGY, ETH, SSD, SDN, PAK, CAF, TCD, ARM, CIV, BEN, BFA, GHA, TGO"
2023-11-18 11:08:08,"AFG, EGY, ETH, SSD, SDN, PAK, CAF, TCD, ARM, CIV, BEN, BFA, GHA, TGO"
2023-11-18 17:09:00,"AFG, EGY, ETH, SSD, SDN, PAK, CAF, TCD, ARM, CIV, BEN, BFA, GHA, TGO"
2023-11-18 23:10:02,"AFG, EGY, ETH, SSD, SDN, PAK, CAF, TCD, ARM, CIV, BEN, BFA, GHA, TGO"
2023-11-19 05:09:58,"AFG, EGY, ETH, SSD, SDN, PAK, CAF, TCD, ARM, CIV, BEN, BFA, GHA, TGO"
2023-11-19 11:08:28,"AFG, EGY, ETH, SSD, SDN, PAK, CAF, TCD, ARM, CIV, BEN, BFA, GHA, TGO"
2023-11-19 17:09:00,"AFG, EGY, ETH, SSD, SDN, PAK, CAF, TCD, ARM, CIV, BEN, BFA, GHA, TGO"
2023-11-19 23:10:27,"AFG, EGY, ETH, SSD, SDN, PAK, CAF, TCD, ARM, CIV, BEN, BFA, GHA, TGO"
2023-11-20 05:10:45,"AFG, EGY, ETH, SSD, SDN, PAK, CAF, TCD, ARM, CIV, BEN, BFA, GHA, TGO"
2023-11-20 11:09:31,"AFG, EGY, ETH, SSD, SDN, PAK, CAF, TCD, ARM, CIV, BEN, BFA, GHA, TGO"
2023-11-20 17:08:22,"AFG, EGY, ETH, SSD, SDN, PAK, CAF, TCD, ARM, CIV, BEN, BFA, GHA, TGO"
2023-11-20 23:11:04,"AFG, EGY, ETH, SSD, SDN, PAK, CAF, TCD, ARM, CIV, BEN, BFA, GHA, TGO"
2023-11-21 05:10:52,"AFG, EGY, ETH, SSD, SDN, PAK, CAF, TCD, ARM, CIV, BEN, BFA, GHA, TGO"
2023-11-21 11:09:41,"AFG, EGY, ETH, SSD, SDN, PAK, CAF, TCD, ARM, CIV, BEN, BFA, GHA, TGO"
2023-11-21 17:12:44,"AFG, EGY, ETH, SSD, SDN, CAF, PAK, TCD, ARM, CIV, BEN, BFA, GHA, TGO"
2023-11-21 23:11:29,"AFG, EGY, ETH, SSD, SDN, CAF, PAK, TCD, ARM, CIV, BEN, BFA, GHA, TGO"
2023-11-22 05:10:53,"AFG, EGY, ETH, SSD, SDN, CAF, PAK, TCD, ARM, CIV, BEN, BFA, GHA, TGO"
2023-11-22 11:09:26,"AFG, EGY, ETH, SSD, SDN, CAF, PAK, TCD, ARM, CIV, BEN, BFA, GHA, TGO"
2023-11-22 17:10:33,"AFG, EGY, ETH, SSD, SDN, CAF, PAK, TCD, ARM, CIV, BEN, BFA, GHA, TGO"
2023-11-22 23:10:49,"AFG, EGY, ETH, SSD, SDN, CAF, PAK, TCD, ARM, CIV, BEN, BFA, GHA, TGO"
2023-11-23 05:10:50,"AFG, EGY, ETH, SSD, SDN, CAF, PAK, TCD, ARM, CIV, BEN, BFA, GHA, TGO"
2023-11-23 11:09:14,"AFG, EGY, ETH, SSD, SDN, CAF, PAK, TCD, ARM, CIV, BEN, BFA, GHA, TGO"
2023-11-23 17:09:52,"AFG, EGY, ETH, SSD, SDN, CAF, PAK, TCD, ARM, CIV, BEN, BFA, GHA, TGO"
2023-11-23 23:11:14,"AFG, EGY, ETH, SSD, SDN, CAF, PAK, TCD, ARM, CIV, BEN, BFA, GHA, TGO"
2023-11-24 05:10:32,"AFG, EGY, ETH, SSD, SDN, CAF, PAK, TCD, ARM, CIV, BEN, BFA, GHA, TGO"
2023-11-24 11:09:30,"AFG, EGY, ETH, SSD, SDN, CAF, PAK, TCD, ARM, CIV, BEN, BFA, GHA, TGO"
2023-11-24 17:09:50,"AFG, EGY, ETH, SSD, SDN, CAF, PAK, TCD, ARM, CIV, BEN, BFA, GHA, TGO"
2023-11-24 23:10:23,"AFG, EGY, ETH, SSD, SDN, CAF, PAK, TCD, ARM, CIV, BEN, BFA, GHA, TGO"
2023-11-25 05:10:06,"AFG, EGY, ETH, SSD, SDN, CAF, PAK, TCD, ARM, CIV, BEN, BFA, GHA, TGO"
2023-11-25 11:08:25,"AFG, EGY, ETH, SSD, SDN, CAF, PAK, TCD, ARM, CIV, BEN, BFA, GHA, TGO"
2023-11-25 17:08:57,"AFG, EGY, ETH, SSD, SDN, CAF, PAK, TCD, ARM, CIV, BEN, BFA, GHA, TGO"
2023-11-25 23:10:00,"AFG, EGY, ETH, SSD, SDN, CAF, PAK, TCD, ARM, CIV, BEN, BFA, GHA, TGO"
2023-11-26 05:09:41,"AFG, EGY, ETH, SSD, SDN, CAF, PAK, TCD, ARM, CIV, BEN, BFA, GHA, TGO"
2023-11-26 11:08:14,"AFG, EGY, ETH, SSD, SDN, CAF, PAK, TCD, ARM, CIV, BEN, BFA, GHA, TGO"
2023-11-26 17:08:59,"AFG, EGY, ETH, SSD, SDN, CAF, PAK, TCD, ARM, CIV, BEN, BFA, GHA, TGO"
2023-11-26 23:10:21,"AFG, EGY, ETH, SSD, SDN, CAF, PAK, TCD, ARM, CIV, BEN, BFA, GHA, TGO"
2023-11-27 05:10:45,"AFG, EGY, ETH, SSD, SDN, CAF, PAK, TCD, ARM, CIV, BEN, BFA, GHA, TGO"
2023-11-27 11:09:29,"AFG, EGY, ETH, SSD, SDN, CAF, PAK, TCD, ARM, CIV, BEN, BFA, GHA, TGO"
2023-11-27 17:10:10,"AFG, EGY, ETH, SSD, SDN, CAF, PAK, TCD, ARM, CIV, BEN, BFA, GHA, TGO"
2023-11-27 23:10:53,"AFG, EGY, ETH, SSD, SDN, CAF, PAK, TCD, ARM, CIV, BEN, BFA, GHA, TGO"
2023-11-28 05:11:05,"AFG, EGY, ETH, SSD, SDN, CAF, PAK, TCD, ARM, CIV, BEN, BFA, GHA, TGO"
2023-11-28 11:09:27,"AFG, EGY, ETH, SSD, SDN, CAF, PAK, TCD, ARM, CIV, BEN, BFA, GHA, TGO"
2023-11-28 17:09:57,"AFG, EGY, ETH, SSD, SDN, CAF, PAK, TCD, ARM, CIV, BEN, BFA, GHA, TGO"
2023-11-28 23:10:45,"AFG, EGY, ETH, SSD, SDN, CAF, PAK, TCD, ARM, CIV, BEN, BFA, GHA, TGO"
2023-11-29 05:10:32,"AFG, EGY, ETH, SSD, SDN, CAF, PAK, TCD, ARM, CIV, BEN, BFA, GHA, TGO"
2023-11-29 11:09:28,"AFG, EGY, ETH, SSD, SDN, CAF, PAK, TCD, ARM, CIV, BEN, BFA, GHA, TGO"
2023-11-29 17:10:18,"AFG, EGY, ETH, SSD, SDN, CAF, PAK, TCD, ARM, CIV, BEN, BFA, GHA, TGO"
2023-11-29 23:10:47,"AFG, EGY, ETH, SSD, SDN, CAF, PAK, TCD, ARM, CIV, BEN, BFA, GHA, TGO"
2023-11-30 05:10:36,"AFG, EGY, ETH, SSD, SDN, CAF, PAK, TCD, ARM, CIV, BEN, BFA, GHA, TGO"
2023-11-30 11:09:33,"AFG, EGY, ETH, SSD, SDN, CAF, PAK, TCD, ARM, CIV, BEN, BFA, GHA, TGO"
2023-11-30 17:10:29,"AFG, EGY, ETH, SSD, SDN, CAF, PAK, TCD, ARM, CIV, BEN, BFA, GHA, TGO"
2023-11-30 23:11:12,"AFG, EGY, ETH, SSD, SDN, CAF, PAK, TCD, ARM, CIV, BEN, BFA, GHA, TGO"
2023-12-01 05:10:48,"AFG, EGY, ETH, SSD, SDN, CAF, PAK, TCD, ARM, CIV, BEN, BFA, GHA, TGO"
2023-12-01 11:09:14,"AFG, EGY, ETH, SSD, SDN, CAF, PAK, TCD, ARM, CIV, BEN, BFA, GHA, TGO"
2023-12-01 17:10:22,"AFG, EGY, ETH, SSD, SDN, CAF, PAK, TCD, ARM, CIV, BEN, BFA, GHA, TGO"
2023-12-01 23:10:35,"AFG, EGY, ETH, SSD, SDN, CAF, PAK, TCD, ARM, CIV, BEN, BFA, GHA, TGO"
2023-12-02 05:09:40,"AFG, EGY, ETH, SSD, SDN, CAF, PAK, TCD, ARM, CIV, BEN, BFA, GHA, TGO"
2023-12-02 11:08:39,"AFG, EGY, ETH, SSD, SDN, CAF, PAK, TCD, ARM, CIV, BEN, BFA, GHA, TGO"
2023-12-02 17:08:53,"AFG, EGY, ETH, SSD, SDN, CAF, PAK, TCD, ARM, CIV, BEN, BFA, GHA, TGO"
2023-12-02 23:10:09,"AFG, EGY, ETH, SSD, SDN, CAF, PAK, TCD, ARM, CIV, BEN, BFA, GHA, TGO"
2023-12-03 05:09:46,"AFG, EGY, ETH, SSD, SDN, CAF, PAK, TCD, ARM, CIV, BEN, BFA, GHA, TGO"
2023-12-03 11:08:17,"AFG, EGY, ETH, SSD, SDN, CAF, PAK, TCD, ARM, CIV, BEN, BFA, GHA, TGO"
2023-12-03 17:08:46,"AFG, EGY, ETH, SSD, SDN, CAF, PAK, TCD, ARM, CIV, BEN, BFA, GHA, TGO"
2023-12-03 23:10:55,"AFG, EGY, ETH, SSD, SDN, CAF, PAK, TCD, ARM, CIV, BEN, BFA, GHA, TGO"
2023-12-04 05:10:56,"AFG, EGY, ETH, SSD, SDN, CAF, PAK, TCD, ARM, CIV, BEN, BFA, GHA, TGO"
2023-12-04 11:09:31,"AFG, EGY, ETH, SSD, SDN, CAF, PAK, TCD, ARM, CIV, BEN, BFA, GHA, TGO"
2023-12-04 17:10:27,"AFG, EGY, ETH, SSD, SDN, CAF, PAK, TCD, ARM, CIV, BEN, BFA, GHA, TGO"
2023-12-04 23:11:03,"AFG, EGY, ETH, SSD, SDN, CAF, PAK, TCD, ARM, CIV, BEN, BFA, GHA, TGO"
2023-12-05 05:10:33,"AFG, EGY, ETH, SSD, SDN, CAF, PAK, TCD, ARM, CIV, BEN, BFA, GHA, TGO"
2023-12-05 11:09:23,"AFG, EGY, ETH, SSD, SDN, CAF, PAK, TCD, ARM, CIV, BEN, BFA, GHA, TGO"
2023-12-05 17:10:34,"EGY, ETH, SSD, AFG, SDN, CAF, PAK, TCD, ARM, CIV, BEN, BFA, GHA, TGO"
2023-12-05 23:11:03,"EGY, ETH, SSD, AFG, SDN, CAF, PAK, TCD, ARM, CIV, BEN, BFA, GHA, TGO"
2023-12-06 05:10:43,"EGY, ETH, SSD, AFG, SDN, CAF, PAK, TCD, ARM, CIV, BEN, BFA, GHA, TGO"
2023-12-06 11:09:24,"EGY, ETH, SSD, AFG, SDN, CAF, PAK, TCD, ARM, CIV, BEN, BFA, GHA, TGO"
2023-12-06 17:10:24,"EGY, ETH, SSD, AFG, SDN, CAF, PAK, TCD, ARM, CIV, BEN, BFA, GHA, TGO"
2023-12-06 23:11:05,"EGY, ETH, SSD, AFG, SDN, CAF, PAK, TCD, ARM, CIV, BEN, BFA, GHA, TGO"
2023-12-07 05:10:46,"EGY, ETH, SSD, AFG, SDN, CAF, PAK, TCD, ARM, CIV, BEN, BFA, GHA, TGO"
2023-12-07 11:09:32,"EGY, ETH, SSD, AFG, SDN, CAF, PAK, TCD, ARM, CIV, BEN, BFA, GHA, TGO"
2023-12-07 17:10:32,"EGY, ETH, SSD, AFG, SDN, CAF, PAK, TCD, ARM, CIV, BEN, BFA, GHA, TGO"
2023-12-07 23:11:26,"EGY, ETH, SSD, AFG, SDN, CAF, PAK, TCD, ARM, CIV, BEN, BFA, GHA, TGO"
2023-12-08 05:10:41,"EGY, ETH, SSD, AFG, SDN, CAF, PAK, TCD, ARM, CIV, BEN, BFA, GHA, TGO"
2023-12-08 11:09:15,"EGY, ETH, SSD, AFG, SDN, CAF, PAK, TCD, ARM, CIV, BEN, BFA, GHA, TGO"
2023-12-08 17:09:57,"AFG, EGY, ETH, SSD, SDN, CAF, PAK, TCD, ARM, CIV, BEN, BFA, GHA, TGO"
2023-12-08 23:10:49,"AFG, EGY, ETH, SSD, SDN, CAF, PAK, TCD, ARM, CIV, BEN, BFA, GHA, TGO"
2023-12-09 05:09:52,"AFG, EGY, ETH, SSD, SDN, CAF, PAK, TCD, ARM, CIV, BEN, BFA, GHA, TGO"
2023-12-09 11:08:38,"AFG, EGY, ETH, SSD, SDN, CAF, PAK, TCD, ARM, CIV, BEN, BFA, GHA, TGO"
2023-12-09 17:08:53,"AFG, EGY, ETH, SSD, SDN, CAF, PAK, TCD, ARM, CIV, BEN, BFA, GHA, TGO"
2023-12-09 23:10:17,"AFG, EGY, ETH, SSD, SDN, CAF, PAK, TCD, ARM, CIV, BEN, BFA, GHA, TGO"
2023-12-10 05:10:15,"AFG, EGY, ETH, SSD, SDN, CAF, PAK, TCD, ARM, CIV, BEN, BFA, GHA, TGO"
2023-12-10 11:08:35,"AFG, EGY, ETH, SSD, SDN, CAF, PAK, TCD, ARM, CIV, BEN, BFA, GHA, TGO"
2023-12-10 17:08:49,"AFG, EGY, ETH, SSD, SDN, CAF, PAK, TCD, ARM, CIV, BEN, BFA, GHA, TGO"
2023-12-10 23:10:15,"AFG, EGY, ETH, SSD, SDN, CAF, PAK, TCD, ARM, CIV, BEN, BFA, GHA, TGO"
2023-12-11 05:11:20,"AFG, EGY, ETH, SSD, SDN, CAF, PAK, TCD, ARM, CIV, BEN, BFA, GHA, TGO"
2023-12-11 11:09:50,"AFG, EGY, ETH, SSD, SDN, CAF, PAK, TCD, ARM, CIV, BEN, BFA, GHA, TGO"
2023-12-11 17:10:36,"AFG, EGY, ETH, SSD, SDN, CAF, PAK, TCD, ARM, CIV, BEN, BFA, GHA, TGO"
2023-12-11 23:10:59,"AFG, EGY, ETH, SSD, SDN, CAF, PAK, TCD, ARM, CIV, BEN, BFA, GHA, TGO"
2023-12-12 05:10:37,"AFG, EGY, ETH, SSD, SDN, CAF, PAK, TCD, ARM, CIV, BEN, BFA, GHA, TGO"
2023-12-12 11:09:27,"AFG, EGY, ETH, SSD, SDN, CAF, PAK, TCD, ARM, CIV, BEN, BFA, GHA, TGO"
2023-12-12 17:10:11,"AFG, EGY, ETH, SSD, SDN, CAF, PAK, TCD, ARM, CIV, BEN, BFA, GHA, TGO"
2023-12-12 23:10:51,"AFG, EGY, ETH, SSD, SDN, CAF, PAK, TCD, ARM, CIV, BEN, BFA, GHA, TGO"
2023-12-13 05:10:31,"AFG, EGY, ETH, SSD, SDN, CAF, PAK, TCD, ARM, CIV, BEN, BFA, GHA, TGO"
2023-12-13 11:09:29,"AFG, EGY, ETH, SSD, SDN, CAF, PAK, TCD, ARM, CIV, BEN, BFA, GHA, TGO"
2023-12-13 17:10:26,"AFG, EGY, ETH, SSD, SDN, CAF, PAK, TCD, ARM, CIV, BEN, BFA, GHA, TGO"
2023-12-13 23:11:16,"AFG, EGY, ETH, SSD, SDN, CAF, PAK, TCD, ARM, CIV, BEN, BFA, GHA, TGO"
2023-12-14 05:10:44,"AFG, EGY, ETH, SSD, SDN, CAF, PAK, TCD, ARM, CIV, BEN, BFA, GHA, TGO"
2023-12-14 11:09:49,"AFG, EGY, ETH, SSD, SDN, CAF, PAK, TCD, ARM, CIV, BEN, BFA, GHA, TGO"
2023-12-14 17:10:31,"AFG, EGY, ETH, SSD, SDN, CAF, PAK, TCD, ARM, CIV, BEN, BFA, GHA, TGO"
2023-12-14 23:11:10,"AFG, EGY, ETH, SSD, SDN, CAF, PAK, TCD, ARM, CIV, BEN, BFA, GHA, TGO"
2023-12-15 05:10:56,"AFG, EGY, ETH, SSD, SDN, CAF, PAK, TCD, ARM, CIV, BEN, BFA, GHA, TGO"
2023-12-15 11:09:21,"AFG, EGY, ETH, SSD, SDN, CAF, PAK, TCD, ARM, CIV, BEN, BFA, GHA, TGO"
2023-12-15 17:10:09,"AFG, EGY, ETH, SSD, SDN, CAF, PAK, TCD, ARM, CIV, BEN, BFA, GHA, TGO"
2023-12-15 23:10:54,"AFG, EGY, ETH, SSD, SDN, CAF, PAK, TCD, ARM, CIV, BEN, BFA, GHA, TGO"
2023-12-16 05:10:03,"AFG, EGY, ETH, SSD, SDN, CAF, PAK, TCD, ARM, CIV, BEN, BFA, GHA, TGO"
2023-12-16 11:08:30,"AFG, EGY, ETH, SSD, SDN, CAF, PAK, TCD, ARM, CIV, BEN, BFA, GHA, TGO"
2023-12-16 17:09:08,"AFG, EGY, ETH, SSD, SDN, CAF, PAK, TCD, ARM, CIV, BEN, BFA, GHA, TGO"
2023-12-16 23:10:21,"AFG, EGY, ETH, SSD, SDN, CAF, PAK, TCD, ARM, CIV, BEN, BFA, GHA, TGO"
2023-12-17 05:10:13,"AFG, EGY, ETH, SSD, SDN, CAF, PAK, TCD, ARM, CIV, BEN, BFA, GHA, TGO"
2023-12-17 11:08:39,"AFG, EGY, ETH, SSD, SDN, CAF, PAK, TCD, ARM, CIV, BEN, BFA, GHA, TGO"
2023-12-17 17:09:01,"AFG, EGY, ETH, SSD, SDN, CAF, PAK, TCD, ARM, CIV, BEN, BFA, GHA, TGO"
2023-12-17 23:10:39,"AFG, EGY, ETH, SSD, SDN, CAF, PAK, TCD, ARM, CIV, BEN, BFA, GHA, TGO"
2023-12-18 05:11:11,"AFG, EGY, ETH, SSD, SDN, CAF, PAK, TCD, ARM, CIV, BEN, BFA, GHA, TGO"
2023-12-18 11:09:42,"AFG, EGY, ETH, SSD, SDN, CAF, PAK, TCD, ARM, CIV, BEN, BFA, GHA, TGO"
2023-12-18 17:10:14,"AFG, EGY, ETH, SSD, SDN, CAF, PAK, TCD, ARM, CIV, BEN, BFA, GHA, TGO"
2023-12-18 23:10:51,"AFG, EGY, ETH, SSD, SDN, CAF, PAK, TCD, ARM, CIV, BEN, BFA, GHA, TGO"
2023-12-19 05:10:31,"AFG, EGY, ETH, SSD, SDN, CAF, PAK, TCD, ARM, CIV, BEN, BFA, GHA, TGO"
2023-12-19 11:09:14,"AFG, EGY, ETH, SSD, SDN, CAF, PAK, TCD, ARM, CIV, BEN, BFA, GHA, TGO"
2023-12-19 17:08:19,"AFG, EGY, ETH, SSD, SDN, CAF, PAK, TCD, ARM, CIV, BEN, BFA, GHA, TGO"
2023-12-19 23:08:47,"AFG, EGY, ETH, SSD, SDN, CAF, PAK, TCD, ARM, CIV, BEN, BFA, GHA, TGO"
2023-12-20 05:08:37,"AFG, EGY, ETH, SSD, SDN, CAF, PAK, TCD, ARM, CIV, BEN, BFA, GHA, TGO"
2023-12-20 11:07:46,"AFG, EGY, ETH, SSD, SDN, CAF, PAK, TCD, ARM, CIV, BEN, BFA, GHA, TGO"
2023-12-20 17:09:01,"AFG, EGY, ETH, SSD, SDN, CAF, PAK, TCD, ARM, CIV, BEN, BFA, GHA, TGO"
2023-12-20 23:11:16,"AFG, EGY, ETH, SSD, SDN, CAF, PAK, TCD, ARM, CIV, BEN, BFA, GHA, TGO"
2023-12-21 05:10:41,"AFG, EGY, ETH, SSD, SDN, CAF, PAK, TCD, ARM, CIV, BEN, BFA, GHA, TGO"
2023-12-21 11:09:12,"AFG, EGY, ETH, SSD, SDN, CAF, PAK, TCD, ARM, CIV, BEN, BFA, GHA, TGO"
2023-12-21 17:10:16,"AFG, EGY, ETH, SSD, SDN, CAF, PAK, TCD, ARM, CIV, BEN, BFA, GHA, TGO"
2023-12-21 23:11:26,"AFG, EGY, ETH, SSD, SDN, CAF, PAK, TCD, ARM, CIV, BEN, BFA, GHA, TGO"
2023-12-22 05:10:52,"AFG, EGY, ETH, SSD, SDN, CAF, PAK, TCD, ARM, CIV, BEN, BFA, GHA, TGO"
2023-12-22 11:09:08,"AFG, EGY, ETH, SSD, SDN, CAF, PAK, TCD, ARM, CIV, BEN, BFA, GHA, TGO"
2023-12-22 17:09:34,"AFG, EGY, ETH, SSD, SDN, CAF, PAK, TCD, ARM, CIV, BEN, BFA, GHA, TGO"
2023-12-22 23:11:10,"AFG, EGY, ETH, SSD, SDN, CAF, PAK, TCD, ARM, CIV, BEN, BFA, GHA, TGO"
2023-12-23 05:09:53,"AFG, EGY, ETH, SSD, SDN, CAF, PAK, TCD, ARM, CIV, BEN, BFA, GHA, TGO"
2023-12-23 11:08:43,"AFG, EGY, ETH, SSD, SDN, CAF, PAK, TCD, ARM, CIV, BEN, BFA, GHA, TGO"
2023-12-23 17:09:16,"AFG, EGY, ETH, SSD, SDN, CAF, PAK, TCD, ARM, CIV, BEN, BFA, GHA, TGO"
2023-12-23 23:10:25,"AFG, EGY, ETH, SSD, SDN, CAF, PAK, TCD, ARM, CIV, BEN, BFA, GHA, TGO"
2023-12-24 05:10:15,"AFG, EGY, ETH, SSD, SDN, CAF, PAK, TCD, ARM, CIV, BEN, BFA, GHA, TGO"
2023-12-24 11:08:31,"AFG, EGY, ETH, SSD, SDN, CAF, PAK, TCD, ARM, CIV, BEN, BFA, GHA, TGO"
2023-12-24 17:08:58,"AFG, EGY, ETH, SSD, SDN, CAF, PAK, TCD, ARM, CIV, BEN, BFA, GHA, TGO"
2023-12-24 23:10:24,"AFG, EGY, ETH, SSD, SDN, CAF, PAK, TCD, ARM, CIV, BEN, BFA, GHA, TGO"
2023-12-25 05:11:21,"AFG, EGY, ETH, SSD, SDN, CAF, PAK, TCD, ARM, CIV, BEN, BFA, GHA, TGO"
2023-12-25 11:09:01,"AFG, EGY, ETH, SSD, SDN, CAF, PAK, TCD, ARM, CIV, BEN, BFA, GHA, TGO"
2023-12-25 17:09:23,"AFG, EGY, ETH, SSD, SDN, CAF, PAK, TCD, ARM, CIV, BEN, BFA, GHA, TGO"
2023-12-25 23:10:48,"AFG, EGY, ETH, SSD, SDN, CAF, PAK, TCD, ARM, CIV, BEN, BFA, GHA, TGO"
2023-12-26 05:10:50,"AFG, EGY, ETH, SSD, SDN, CAF, PAK, TCD, ARM, CIV, BEN, BFA, GHA, TGO"
2023-12-26 11:08:49,"AFG, EGY, ETH, SSD, SDN, CAF, PAK, TCD, ARM, CIV, BEN, BFA, GHA, TGO"
2023-12-26 17:09:30,"AFG, EGY, ETH, SSD, SDN, CAF, PAK, TCD, ARM, CIV, BEN, BFA, GHA, TGO"
2023-12-26 23:11:55,"AFG, EGY, ETH, SSD, SDN, CAF, PAK, TCD, ARM, CIV, BEN, BFA, GHA, TGO"
2023-12-27 05:10:20,"AFG, EGY, ETH, SSD, SDN, CAF, PAK, TCD, ARM, CIV, BEN, BFA, GHA, TGO"
2023-12-27 11:09:12,"AFG, EGY, ETH, SSD, SDN, CAF, PAK, TCD, ARM, CIV, BEN, BFA, GHA, TGO"
2023-12-27 17:09:12,"AFG, EGY, ETH, SSD, SDN, CAF, PAK, TCD, ARM, CIV, BEN, BFA, GHA, TGO"
2023-12-27 23:10:41,"AFG, EGY, ETH, SSD, SDN, CAF, PAK, TCD, ARM, CIV, BEN, BFA, GHA, TGO"
2023-12-28 05:10:38,"AFG, EGY, ETH, SSD, SDN, CAF, PAK, TCD, ARM, CIV, BEN, BFA, GHA, TGO"
2023-12-28 11:09:08,"AFG, EGY, ETH, SSD, SDN, CAF, PAK, TCD, ARM, CIV, BEN, BFA, GHA, TGO"
2023-12-28 17:09:41,"AFG, EGY, ETH, SSD, SDN, CAF, PAK, TCD, ARM, CIV, BEN, BFA, GHA, TGO"
2023-12-28 23:11:30,"AFG, EGY, ETH, SSD, SDN, CAF, PAK, TCD, ARM, CIV, BEN, BFA, GHA, TGO"
2023-12-29 05:10:37,"AFG, EGY, ETH, SSD, SDN, CAF, PAK, TCD, ARM, CIV, BEN, BFA, GHA, TGO"
2023-12-29 11:09:46,"AFG, EGY, ETH, SSD, SDN, CAF, PAK, TCD, ARM, CIV, BEN, BFA, GHA, TGO"
2023-12-29 17:10:29,"AFG, EGY, ETH, SSD, SDN, CAF, PAK, TCD, ARM, CIV, BEN, BFA, GHA, TGO"
2023-12-29 23:10:29,"AFG, EGY, ETH, SSD, SDN, CAF, PAK, TCD, ARM, CIV, BEN, BFA, GHA, TGO"
2023-12-30 05:09:54,"AFG, EGY, ETH, SSD, SDN, CAF, PAK, TCD, ARM, CIV, BEN, BFA, GHA, TGO"
2023-12-30 11:08:32,"AFG, EGY, ETH, SSD, SDN, CAF, PAK, TCD, ARM, CIV, BEN, BFA, GHA, TGO"
2023-12-30 17:08:52,"AFG, EGY, ETH, SSD, SDN, CAF, PAK, TCD, ARM, CIV, BEN, BFA, GHA, TGO"
2023-12-30 23:10:01,"AFG, EGY, ETH, SSD, SDN, CAF, PAK, TCD, ARM, CIV, BEN, BFA, GHA, TGO"
2023-12-31 05:10:05,"AFG, EGY, ETH, SSD, SDN, CAF, PAK, TCD, ARM, CIV, BEN, BFA, GHA, TGO"
2023-12-31 11:08:23,"AFG, EGY, ETH, SSD, SDN, CAF, PAK, TCD, ARM, CIV, BEN, BFA, GHA, TGO"
2023-12-31 17:09:12,"AFG, EGY, ETH, SSD, SDN, CAF, PAK, TCD, ARM, CIV, BEN, BFA, GHA, TGO"
2023-12-31 23:10:38,"AFG, EGY, ETH, SSD, SDN, CAF, PAK, TCD, ARM, CIV, BEN, BFA, GHA, TGO"
2024-01-01 05:11:26,"AFG, EGY, ETH, SSD, SDN, CAF, PAK, TCD, ARM, CIV, BEN, BFA, GHA, TGO"
2024-01-01 11:09:21,"AFG, EGY, ETH, SSD, SDN, CAF, PAK, TCD, ARM, CIV, BEN, BFA, GHA, TGO"
2024-01-01 17:09:38,"AFG, EGY, ETH, SSD, SDN, CAF, PAK, TCD, ARM, CIV, BEN, BFA, GHA, TGO"
2024-01-01 23:11:07,"AFG, EGY, ETH, SSD, SDN, CAF, PAK, TCD, ARM, CIV, BEN, BFA, GHA, TGO"
2024-01-02 05:11:16,"AFG, EGY, ETH, SSD, SDN, CAF, PAK, TCD, ARM, CIV, BEN, BFA, GHA, TGO"
2024-01-02 11:09:06,"AFG, EGY, ETH, SSD, SDN, CAF, PAK, TCD, ARM, CIV, BEN, BFA, GHA, TGO"
2024-01-02 17:10:01,"AFG, EGY, ETH, SSD, SDN, CAF, PAK, TCD, ARM, CIV, BEN, BFA, GHA, TGO"
2024-01-02 23:10:29,"AFG, EGY, ETH, SSD, SDN, CAF, PAK, TCD, ARM, CIV, BEN, BFA, GHA, TGO"
2024-01-03 05:10:40,"AFG, EGY, ETH, SSD, SDN, CAF, PAK, TCD, ARM, CIV, BEN, BFA, GHA, TGO"
2024-01-03 11:09:39,"AFG, EGY, ETH, SSD, SDN, CAF, PAK, TCD, ARM, CIV, BEN, BFA, GHA, TGO"
2024-01-03 17:10:12,"AFG, EGY, ETH, SSD, SDN, CAF, PAK, TCD, ARM, CIV, BEN, BFA, GHA, TGO"
2024-01-03 23:12:09,"AFG, EGY, ETH, SSD, SDN, CAF, PAK, TCD, ARM, CIV, BEN, BFA, GHA, TGO"
2024-01-04 05:10:39,"AFG, EGY, ETH, SSD, SDN, CAF, PAK, TCD, ARM, CIV, BEN, BFA, GHA, TGO"
2024-01-04 11:09:23,"AFG, EGY, ETH, SSD, SDN, CAF, PAK, TCD, ARM, CIV, BEN, BFA, GHA, TGO"
2024-01-04 17:10:00,"AFG, EGY, ETH, SSD, SDN, CAF, PAK, TCD, ARM, CIV, BEN, BFA, GHA, TGO"
2024-01-04 23:11:42,"AFG, EGY, ETH, SSD, SDN, CAF, PAK, TCD, ARM, CIV, BEN, BFA, GHA, TGO"
2024-01-05 05:10:42,"AFG, EGY, ETH, SSD, SDN, CAF, PAK, TCD, ARM, CIV, BEN, BFA, GHA, TGO"
2024-01-05 11:09:33,"AFG, EGY, ETH, SSD, SDN, CAF, PAK, TCD, ARM, CIV, BEN, BFA, GHA, TGO"
2024-01-05 17:10:16,"AFG, EGY, ETH, SSD, SDN, CAF, PAK, TCD, ARM, CIV, BEN, BFA, GHA, TGO"
2024-01-05 23:10:49,"AFG, EGY, ETH, SSD, SDN, CAF, PAK, TCD, ARM, CIV, BEN, BFA, GHA, TGO"
2024-01-06 05:10:09,"AFG, EGY, ETH, SSD, SDN, CAF, PAK, TCD, ARM, CIV, BEN, BFA, GHA, TGO"
2024-01-06 11:08:37,"AFG, EGY, ETH, SSD, SDN, CAF, PAK, TCD, ARM, CIV, BEN, BFA, GHA, TGO"
2024-01-06 17:09:11,"AFG, EGY, ETH, SSD, SDN, CAF, PAK, TCD, ARM, CIV, BEN, BFA, GHA, TGO"
2024-01-06 23:10:34,"AFG, EGY, ETH, SSD, SDN, CAF, PAK, TCD, ARM, CIV, BEN, BFA, GHA, TGO"
2024-01-07 05:10:44,"AFG, EGY, ETH, SSD, SDN, CAF, PAK, TCD, ARM, CIV, BEN, BFA, GHA, TGO"
2024-01-07 11:09:04,"AFG, EGY, ETH, SSD, SDN, CAF, PAK, TCD, ARM, CIV, BEN, BFA, GHA, TGO"
2024-01-07 17:09:23,"AFG, EGY, ETH, SSD, SDN, CAF, PAK, TCD, ARM, CIV, BEN, BFA, GHA, TGO"
2024-01-07 23:10:34,"AFG, EGY, ETH, SSD, SDN, CAF, PAK, TCD, ARM, CIV, BEN, BFA, GHA, TGO"
2024-01-08 05:11:06,"AFG, EGY, ETH, SSD, SDN, CAF, PAK, TCD, ARM, CIV, BEN, BFA, GHA, TGO"
2024-01-08 11:09:41,"AFG, EGY, ETH, SSD, SDN, CAF, PAK, TCD, ARM, CIV, BEN, BFA, GHA, TGO"
2024-01-08 17:10:04,"AFG, EGY, ETH, SSD, SDN, CAF, PAK, TCD, ARM, CIV, BEN, BFA, GHA, TGO"
2024-01-08 23:11:22,"AFG, EGY, ETH, SSD, SDN, CAF, PAK, TCD, ARM, CIV, BEN, BFA, GHA, TGO"
2024-01-09 05:10:59,"AFG, EGY, ETH, SSD, SDN, CAF, PAK, TCD, ARM, CIV, BEN, BFA, GHA, TGO"
2024-01-09 11:09:39,"AFG, EGY, ETH, SSD, SDN, CAF, PAK, TCD, ARM, CIV, BEN, BFA, GHA, TGO"
2024-01-09 17:10:13,"AFG, EGY, ETH, SSD, SDN, CAF, PAK, TCD, ARM, CIV, BEN, BFA, GHA, TGO"
2024-01-09 23:11:10,"AFG, EGY, ETH, SSD, SDN, CAF, PAK, TCD, ARM, CIV, BEN, BFA, GHA, TGO"
2024-01-10 05:11:05,"AFG, EGY, ETH, SSD, SDN, CAF, PAK, TCD, ARM, CIV, BEN, BFA, GHA, TGO"
2024-01-10 11:09:35,"AFG, EGY, ETH, SSD, SDN, CAF, PAK, TCD, ARM, CIV, BEN, BFA, GHA, TGO"
2024-01-10 17:10:19,"AFG, EGY, ETH, SSD, SDN, CAF, PAK, TCD, ARM, CIV, BEN, BFA, GHA, TGO"
2024-01-10 23:10:38,"AFG, EGY, ETH, SSD, SDN, CAF, PAK, TCD, ARM, CIV, BEN, BFA, GHA, TGO"
2024-01-11 05:11:05,"AFG, EGY, ETH, SSD, SDN, CAF, PAK, TCD, ARM, CIV, BEN, BFA, GHA, TGO"
2024-01-11 11:09:36,"AFG, EGY, ETH, SSD, SDN, CAF, PAK, TCD, ARM, CIV, BEN, BFA, GHA, TGO"
2024-01-11 17:09:51,"AFG, EGY, ETH, SSD, SDN, CAF, PAK, TCD, ARM, CIV, BEN, BFA, GHA, TGO"
2024-01-11 23:11:22,"AFG, EGY, ETH, SSD, SDN, CAF, PAK, TCD, ARM, CIV, BEN, BFA, GHA, TGO"
2024-01-12 05:11:21,"AFG, EGY, ETH, SSD, SDN, CAF, PAK, TCD, ARM, CIV, BEN, BFA, GHA, TGO"
2024-01-12 11:09:49,"AFG, EGY, ETH, SSD, SDN, CAF, PAK, TCD, ARM, CIV, BEN, BFA, GHA, TGO"
2024-01-12 17:10:14,"AFG, EGY, ETH, SSD, SDN, CAF, PAK, TCD, ARM, CIV, BEN, BFA, GHA, TGO"
2024-01-12 23:10:33,"AFG, EGY, ETH, SSD, SDN, CAF, PAK, TCD, ARM, CIV, BEN, BFA, GHA, TGO"
2024-01-13 05:10:42,"AFG, EGY, ETH, SSD, SDN, CAF, PAK, TCD, ARM, CIV, BEN, BFA, GHA, TGO"
2024-01-13 11:08:51,"AFG, EGY, ETH, SSD, SDN, CAF, PAK, TCD, ARM, CIV, BEN, BFA, GHA, TGO"
2024-01-13 17:09:08,"AFG, EGY, ETH, SSD, SDN, CAF, PAK, TCD, ARM, CIV, BEN, BFA, GHA, TGO"
2024-01-13 23:11:29,"AFG, EGY, ETH, SSD, SDN, CAF, PAK, TCD, ARM, CIV, BEN, BFA, GHA, TGO"
2024-01-14 05:10:16,"AFG, EGY, ETH, SSD, SDN, CAF, PAK, TCD, ARM, CIV, BEN, BFA, GHA, TGO"
2024-01-14 11:08:49,"AFG, EGY, ETH, SSD, SDN, CAF, PAK, TCD, ARM, CIV, BEN, BFA, GHA, TGO"
2024-01-14 17:09:21,"AFG, EGY, ETH, SSD, SDN, CAF, PAK, TCD, ARM, CIV, BEN, BFA, GHA, TGO"
2024-01-14 23:11:04,"AFG, EGY, ETH, SSD, SDN, CAF, PAK, TCD, ARM, CIV, BEN, BFA, GHA, TGO"
2024-01-15 05:11:21,"AFG, EGY, ETH, SSD, SDN, CAF, PAK, TCD, ARM, CIV, BEN, BFA, GHA, TGO"
2024-01-15 11:09:56,"AFG, EGY, ETH, SSD, SDN, CAF, PAK, TCD, ARM, CIV, BEN, BFA, GHA, TGO"
2024-01-15 17:10:18,"AFG, EGY, ETH, SSD, SDN, CAF, PAK, TCD, ARM, CIV, BEN, BFA, GHA, TGO"
2024-01-15 23:11:28,"AFG, EGY, ETH, SSD, SDN, CAF, PAK, TCD, ARM, CIV, BEN, BFA, GHA, TGO"
2024-01-16 05:10:53,"AFG, EGY, ETH, SSD, SDN, CAF, PAK, TCD, ARM, CIV, BEN, BFA, GHA, TGO"
2024-01-16 11:09:30,"AFG, EGY, ETH, SSD, SDN, CAF, PAK, TCD, ARM, CIV, BEN, BFA, GHA, TGO"
2024-01-16 17:10:09,"AFG, EGY, ETH, SSD, SDN, CAF, PAK, TCD, ARM, CIV, BEN, BFA, GHA, TGO"
2024-01-16 23:11:05,"AFG, EGY, ETH, SSD, SDN, CAF, PAK, TCD, ARM, CIV, BEN, BFA, GHA, TGO"
2024-01-17 05:11:00,"AFG, EGY, ETH, SSD, SDN, CAF, PAK, TCD, ARM, CIV, BEN, BFA, GHA, TGO"
2024-01-17 11:09:33,"AFG, EGY, ETH, SSD, SDN, CAF, PAK, TCD, ARM, CIV, BEN, BFA, GHA, TGO"
2024-01-17 17:10:18,"AFG, EGY, ETH, SSD, SDN, CAF, PAK, TCD, ARM, CIV, BEN, BFA, GHA, TGO"
2024-01-17 23:11:46,"AFG, EGY, ETH, SSD, SDN, CAF, PAK, TCD, ARM, CIV, BEN, BFA, GHA, TGO"
2024-01-18 05:11:08,"AFG, EGY, ETH, SSD, SDN, CAF, PAK, TCD, ARM, CIV, BEN, BFA, GHA, TGO"
2024-01-18 11:09:53,"AFG, EGY, ETH, SSD, SDN, CAF, PAK, TCD, ARM, CIV, BEN, BFA, GHA, TGO"
2024-01-18 17:10:19,"AFG, EGY, ETH, SSD, SDN, CAF, PAK, TCD, ARM, CIV, BEN, BFA, GHA, TGO"
2024-01-18 23:12:05,"AFG, EGY, ETH, SSD, SDN, CAF, PAK, TCD, ARM, CIV, BEN, BFA, GHA, TGO"
2024-01-19 05:10:59,"AFG, EGY, ETH, SSD, SDN, CAF, PAK, TCD, ARM, CIV, BEN, BFA, GHA, TGO"
2024-01-19 11:10:06,"AFG, EGY, ETH, SSD, SDN, CAF, PAK, TCD, ARM, CIV, BEN, BFA, GHA, TGO"
2024-01-19 17:10:01,"AFG, EGY, ETH, SSD, SDN, CAF, PAK, TCD, ARM, CIV, BEN, BFA, GHA, TGO"
2024-01-19 23:09:20,"AFG, EGY, ETH, SSD, SDN, CAF, PAK, TCD, ARM, CIV, BEN, BFA, GHA, TGO"
2024-01-20 05:10:22,"AFG, EGY, ETH, SSD, SDN, CAF, PAK, TCD, ARM, CIV, BEN, BFA, GHA, TGO"
2024-01-20 11:08:39,"AFG, EGY, ETH, SSD, SDN, CAF, PAK, TCD, ARM, CIV, BEN, BFA, GHA, TGO"
2024-01-20 17:09:35,"AFG, EGY, ETH, SSD, SDN, CAF, PAK, TCD, ARM, CIV, BEN, BFA, GHA, TGO"
2024-01-20 23:11:35,"AFG, EGY, ETH, SSD, SDN, CAF, PAK, TCD, ARM, CIV, BEN, BFA, GHA, TGO"
2024-01-21 05:38:50,"AFG, EGY, ETH, SSD, SDN, CAF, PAK, TCD, ARM, CIV, BEN, BFA, GHA, TGO"
2024-01-21 11:08:44,"AFG, EGY, ETH, SSD, SDN, CAF, PAK, TCD, ARM, CIV, BEN, BFA, GHA, TGO"
2024-01-21 17:09:45,"AFG, EGY, ETH, SSD, SDN, CAF, PAK, TCD, ARM, CIV, BEN, BFA, GHA, TGO"
2024-01-21 23:11:21,"AFG, EGY, ETH, SSD, SDN, CAF, PAK, TCD, ARM, CIV, BEN, BFA, GHA, TGO"
2024-01-22 05:11:16,"AFG, EGY, ETH, SSD, SDN, CAF, PAK, TCD, ARM, CIV, BEN, BFA, GHA, TGO"
2024-01-22 11:09:52,"AFG, EGY, ETH, SSD, SDN, CAF, PAK, TCD, ARM, CIV, BEN, BFA, GHA, TGO"
2024-01-22 17:10:24,"AFG, EGY, ETH, SSD, SDN, CAF, PAK, TCD, ARM, CIV, BEN, BFA, GHA, TGO"
2024-01-22 23:11:04,"AFG, EGY, ETH, SSD, SDN, CAF, PAK, TCD, ARM, CIV, BEN, BFA, GHA, TGO"
2024-01-23 05:10:59,"AFG, EGY, ETH, SSD, SDN, CAF, PAK, TCD, ARM, CIV, BEN, BFA, GHA, TGO"
2024-01-23 11:09:37,"AFG, EGY, ETH, SSD, SDN, CAF, PAK, TCD, ARM, CIV, BEN, BFA, GHA, TGO"
2024-01-23 17:10:17,"AFG, EGY, ETH, SSD, SDN, CAF, PAK, TCD, ARM, CIV, BEN, BFA, GHA, TGO"
2024-01-23 23:11:29,"AFG, EGY, ETH, SSD, SDN, CAF, PAK, TCD, ARM, CIV, BEN, BFA, GHA, TGO"
2024-01-24 05:11:16,"AFG, EGY, ETH, SSD, SDN, CAF, PAK, TCD, ARM, CIV, BEN, BFA, GHA, TGO"
2024-01-24 11:09:49,"AFG, EGY, ETH, SSD, SDN, CAF, PAK, TCD, ARM, CIV, BEN, BFA, GHA, TGO"
2024-01-24 17:10:24,"AFG, EGY, ETH, SSD, SDN, CAF, PAK, TCD, ARM, CIV, BEN, BFA, GHA, TGO"
2024-01-24 23:10:38,"AFG, EGY, ETH, SSD, SDN, CAF, PAK, TCD, ARM, CIV, BEN, BFA, GHA, TGO"
2024-01-25 05:11:09,"AFG, EGY, ETH, SSD, SDN, CAF, PAK, TCD, ARM, CIV, BEN, BFA, GHA, TGO"
2024-01-25 11:09:43,"AFG, EGY, ETH, SSD, SDN, CAF, PAK, TCD, ARM, CIV, BEN, BFA, GHA, TGO"
2024-01-25 17:10:14,"AFG, EGY, ETH, SSD, SDN, CAF, PAK, TCD, ARM, CIV, BEN, BFA, GHA, TGO"
2024-01-25 23:11:28,"AFG, EGY, ETH, SSD, SDN, CAF, PAK, TCD, ARM, CIV, BEN, BFA, GHA, TGO"
